,area,bedrooms,bathrooms,stories,mainroad,guestroom,basement,hot_water_heating,airconditioning,parking,prefarea,furnishing_status_furnished,furnishing_status_semi-furnished,furnishing_status_unfurnished,furnishing_status_unknown,price
501,3800.0,3.0,1.0,2.0,1,1,1,0,0,1.0,1,False,False,True,False,5250000.0
442,8801.0,3.0,2.0,2.0,1,0,0,0,1,2.0,0,True,False,False,False,8575000.0
37,6400.0,3.0,1.0,1.0,1,1,1,0,1,1.0,1,False,True,False,False,6300000.0
88,6670.0,3.0,1.0,3.0,1,0,1,0,0,0.0,1,False,False,True,False,6510000.0
656,3540.0,2.0,1.0,1.0,0,1,1,0,0,0.0,0,False,True,False,False,5040000.0
362,7155.0,3.0,1.0,2.0,1,1,1,0,1,2.0,0,False,False,True,False,8680000.0
748,3620.0,2.0,1.0,1.0,1,0,0,0,0,0.0,0,False,False,True,False,1750000.0
259,7475.0,3.0,1.0,4.0,1,0,0,0,1,2.0,0,False,False,True,False,8400000.0
777,6541.0,4.0,3.0,2.0,1,1,1,0,1,2.0,1,True,False,False,False,8540000.0
110,7681.0,4.0,2.0,4.0,1,1,0,0,1,1.0,0,False,True,False,False,7210000.0
628,6000.0,4.0,2.0,4.0,1,0,0,0,0,1.0,0,False,True,False,False,6300000.0
260,6900.0,3.0,1.0,1.0,1,1,1,0,0,0.0,1,False,True,False,False,5523000.0
284,5751.0,3.0,2.0,4.0,1,1,0,0,1,1.0,1,False,False,True,False,9800000.0
214,7424.0,3.0,1.0,1.0,0,0,0,0,0,0.0,0,False,False,True,False,3500000.0
487,6000.0,4.0,3.0,2.0,1,0,0,0,1,1.0,1,False,False,False,True,8295000.0
458,3990.0,3.0,1.0,2.0,1,0,0,0,0,0.0,0,False,True,False,False,3500000.0
99,5360.0,3.0,1.0,2.0,1,0,0,0,0,2.0,1,False,False,True,False,4550000.0
558,3660.0,3.0,1.0,2.0,0,0,0,0,0,0.0,0,False,False,True,False,2940000.0
175,8100.0,2.0,1.0,1.0,1,0,0,0,0,1.0,0,False,False,True,False,3087000.0
311,4100.0,3.0,2.0,3.0,1,0,0,0,1,2.0,0,False,True,False,False,6300000.0
778,3520.0,3.0,1.0,2.0,1,0,0,0,0,0.0,1,False,True,False,False,4200000.0
177,2000.0,2.0,1.0,2.0,1,0,0,0,0,0.0,0,False,True,False,False,2660000.0
339,3300.0,3.0,3.0,2.0,1,0,1,0,0,0.0,0,False,True,False,False,5530000.0
759,3480.0,3.0,1.0,1.0,0,0,0,0,1,0.0,0,False,False,True,False,3500000.0
288,3180.0,4.0,2.0,2.0,1,0,0,0,0,0.0,0,True,False,False,False,3885000.0
806,3750.0,3.0,1.0,2.0,1,0,0,0,0,0.0,0,False,False,True,False,3010000.0
642,6600.0,3.0,1.0,1.0,1,1,1,0,0,2.0,1,False,True,False,False,6090000.0
126,3960.0,3.0,1.0,1.0,1,0,0,0,0,0.0,0,True,False,False,False,2800000.0
438,8000.0,3.0,1.0,1.0,1,1,1,0,1,2.0,1,False,True,False,False,6020000.0
56,5200.0,3.0,1.0,3.0,1,0,0,0,1,0.0,0,False,True,False,False,5810000.0
133,4050.0,2.0,1.0,1.0,1,0,0,0,0,0.0,0,True,False,False,False,3710000.0
109,2910.0,2.0,1.0,1.0,0,0,0,0,0,0.0,0,False,False,True,False,2604000.0
392,7420.0,4.0,1.0,2.0,1,1,1,0,1,2.0,0,True,False,False,False,11410000.0
788,7801.0,3.0,2.0,2.0,1,0,0,0,0,0.0,1,False,True,False,False,9240000.0
751,10500.0,3.0,2.0,1.0,1,0,1,0,1,1.0,1,True,False,False,False,6615000.0
206,13200.0,2.0,1.0,1.0,1,0,1,1,0,1.0,0,True,False,False,False,6930000.0
800,3600.0,3.0,1.0,1.0,1,0,1,0,1,0.0,1,True,False,False,False,4098500.0
674,5000.0,3.0,1.0,4.0,1,0,0,0,0,0.0,0,True,False,False,False,5600000.0
670,6720.0,3.0,1.0,1.0,1,0,0,0,0,0.0,0,False,False,True,False,4900000.0
70,3930.0,2.0,1.0,1.0,0,0,0,0,0,0.0,0,False,False,True,False,3255000.0
164,5400.0,4.0,1.0,2.0,1,0,0,0,0,0.0,0,False,True,False,False,4900000.0
404,3000.0,3.0,1.0,2.0,1,0,1,0,0,0.0,0,False,False,True,False,5110000.0
201,6450.0,3.0,2.0,1.0,1,1,1,1,0,0.0,0,False,False,True,False,5383000.0
34,2475.0,3.0,1.0,2.0,1,0,0,0,0,0.0,0,True,False,False,False,2380000.0
118,7483.0,3.0,3.0,3.0,1,0,0,1,0,1.0,1,True,False,False,False,8043000.0
518,5000.0,3.0,1.0,3.0,1,0,0,0,1,0.0,0,False,True,False,False,5740000.0
482,2400.0,3.0,1.0,2.0,1,0,0,0,0,0.0,0,False,False,True,False,2100000.0
278,6100.0,3.0,1.0,3.0,1,1,0,0,1,0.0,1,False,True,False,False,5460000.0
668,16200.0,3.0,3.0,2.0,1,0,0,0,0,0.0,0,False,False,True,False,10150000.0
357,3630.0,2.0,1.0,1.0,1,0,1,0,0,0.0,0,True,False,False,False,3675000.0
181,8400.0,4.0,1.0,2.0,1,0,0,0,0,3.0,0,False,False,True,False,4550000.0
676,4500.0,2.0,1.0,1.0,0,0,0,0,0,0.0,0,False,True,False,False,3255000.0
426,6000.0,3.0,2.0,2.0,1,1,0,0,1,1.0,0,False,True,False,False,7350000.0
650,2398.0,3.0,1.0,1.0,1,0,0,0,0,0.0,1,False,True,False,False,3118850.0
553,5880.0,3.0,1.0,1.0,1,0,0,0,0,1.0,0,False,False,True,False,3290000.0
602,4040.0,2.0,1.0,1.0,1,0,0,0,0,1.0,0,False,False,True,False,3325000.0
69,3792.0,4.0,1.0,2.0,1,0,0,0,0,0.0,0,False,True,False,False,3290000.0
22,4560.0,3.0,3.0,2.0,1,1,1,0,1,1.0,0,True,False,False,False,8645000.0
771,5020.0,3.0,1.0,4.0,1,0,0,0,1,0.0,1,False,False,True,False,6720000.0
343,3450.0,1.0,1.0,1.0,1,0,0,0,0,0.0,0,True,False,False,False,3150000.0
746,15600.0,3.0,1.0,1.0,1,0,0,0,1,2.0,0,False,True,False,False,5943000.0
573,4601.0,3.0,2.0,2.0,1,1,0,0,1,2.0,0,True,False,False,False,8890000.0
644,6600.0,3.0,2.0,2.0,1,1,1,0,1,1.0,1,False,False,True,False,9100000.0
604,4160.0,3.0,1.0,3.0,1,0,0,0,0,0.0,0,False,False,True,False,4830000.0
223,6600.0,2.0,2.0,4.0,1,0,1,0,0,0.0,1,True,False,False,False,6685000.0
45,2430.0,3.0,1.0,1.0,0,0,0,0,0,0.0,0,False,False,True,False,2660000.0
212,4360.0,4.0,1.0,2.0,1,0,0,0,0,0.0,0,True,False,False,False,4270000.0
255,6540.0,4.0,2.0,2.0,1,1,1,0,1,2.0,1,True,False,False,False,8540000.0
291,3512.0,2.0,1.0,1.0,1,0,0,0,0,1.0,1,False,False,True,False,3500000.0
654,6420.0,3.0,2.0,3.0,1,0,0,0,1,0.0,1,True,False,False,False,6650000.0
646,4800.0,2.0,1.0,1.0,1,1,0,0,0,0.0,0,False,False,False,True,5033000.0
130,6420.0,3.0,3.0,2.0,1,0,0,0,1,1.0,1,False,True,False,False,8855000.0
792,8580.0,5.0,3.0,2.0,1,0,0,0,0,2.0,0,True,False,False,False,6440000.0
82,3120.0,3.0,1.0,2.0,0,0,0,0,0,0.0,0,True,False,False,False,3220000.0
346,4100.0,2.0,2.0,1.0,1,1,1,0,0,0.0,0,False,True,False,False,4543000.0
612,5040.0,3.0,1.0,2.0,1,0,1,0,1,0.0,0,False,False,True,False,4200000.0
492,7440.0,3.0,2.0,4.0,1,0,0,0,0,1.0,1,False,False,True,False,7420000.0
21,2800.0,3.0,1.0,1.0,1,0,0,0,0,0.0,0,False,False,True,False,2660000.0
0,4990.0,4.0,2.0,2.0,1,1,1,0,0,0.0,1,True,False,False,False,4543000.0
793,7000.0,3.0,1.0,2.0,1,0,1,0,0,0.0,0,False,False,True,False,4795000.0
334,2787.0,4.0,2.0,2.0,1,0,0,0,0,0.0,0,True,False,False,False,2380000.0
383,3650.0,3.0,1.0,2.0,1,0,0,0,0,0.0,0,False,False,True,False,3500000.0
515,3000.0,2.0,1.0,2.0,1,0,0,0,1,0.0,0,True,False,False,False,3640000.0
80,4130.0,3.0,2.0,2.0,1,0,0,0,0,2.0,0,False,True,False,False,3640000.0
233,3450.0,3.0,1.0,1.0,1,0,1,0,0,2.0,0,False,False,True,False,3395000.0
414,8800.0,3.0,2.0,2.0,1,0,0,0,1,2.0,0,True,False,False,False,8575000.0
23,6541.0,4.0,2.0,2.0,1,1,1,0,1,2.0,1,True,False,False,False,8540000.0
531,3630.0,3.0,1.0,2.0,1,0,0,0,0,2.0,0,False,True,False,False,4690000.0
63,6840.0,5.0,1.0,2.0,1,1,1,0,1,1.0,0,True,False,False,False,8120000.0
672,6600.0,3.0,1.0,4.0,1,0,0,0,1,3.0,1,True,False,False,False,7490000.0
580,3410.0,3.0,1.0,2.0,0,0,0,0,0,0.0,0,False,True,False,False,5145000.0
264,4500.0,3.0,2.0,2.0,0,0,1,0,1,0.0,0,False,True,False,False,3990000.0
298,2700.0,2.0,1.0,1.0,0,0,0,0,0,0.0,0,True,False,False,False,2940000.0
195,6001.0,4.0,2.0,2.0,1,0,1,0,0,2.0,0,False,True,False,False,9100000.0
472,6480.0,3.0,2.0,4.0,1,0,0,0,1,2.0,0,False,False,True,False,7700000.0
208,10360.0,2.0,1.0,1.0,1,0,0,0,0,1.0,1,False,True,False,False,4305000.0
795,6001.0,3.0,1.0,4.0,1,1,0,0,1,2.0,0,False,False,True,False,7962500.0
465,6615.0,3.0,1.0,2.0,1,0,0,0,0,0.0,0,False,True,False,False,2940000.0
638,3150.0,2.0,2.0,1.0,0,0,1,0,0,0.0,0,False,True,False,False,3815000.0
36,6100.0,3.0,1.0,1.0,1,0,1,0,0,0.0,1,False,False,False,True,5110000.0
66,8400.0,4.0,1.0,4.0,1,0,0,0,0,3.0,0,False,False,True,False,4550000.0
729,6000.0,2.0,1.0,1.0,1,0,0,0,0,0.0,0,True,False,False,False,3703000.0
142,8520.0,3.0,1.0,1.0,1,0,0,0,1,2.0,0,True,False,False,False,5250000.0
299,7000.0,3.0,1.0,1.0,1,0,0,0,0,3.0,0,True,False,False,False,4200000.0
591,6240.0,4.0,2.0,2.0,1,0,0,0,1,1.0,0,True,False,False,False,7070000.0
707,3000.0,3.0,1.0,2.0,1,0,0,0,0,0.0,0,False,True,False,False,3920000.0
681,7800.0,3.0,3.0,2.0,1,0,0,0,0,0.0,1,False,True,False,False,9240000.0
140,5450.0,4.0,2.0,1.0,1,0,1,0,1,0.0,1,False,True,False,False,6160000.0
200,3480.0,3.0,1.0,2.0,0,0,0,0,0,1.0,0,False,True,False,False,2940000.0
714,6000.0,4.0,2.0,4.0,1,0,0,0,1,1.0,0,True,False,False,False,7560000.0
234,10700.0,3.0,1.0,2.0,1,1,1,0,0,0.0,0,False,True,False,False,5040000.0
95,6000.0,4.0,1.0,2.0,1,0,1,0,0,2.0,0,False,True,False,False,9100000.0
505,4000.0,3.0,2.0,2.0,1,0,1,0,1,0.0,1,False,True,False,False,6790000.0
490,2400.0,3.0,1.0,1.0,1,0,0,0,0,0.0,0,False,True,False,False,1767150.0
500,6001.0,3.0,2.0,4.0,1,1,1,0,1,0.0,1,False,True,False,False,8463000.0
555,7420.0,3.0,1.0,2.0,1,1,0,0,1,2.0,0,True,False,False,False,11410000.0
548,7475.0,3.0,3.0,4.0,1,0,0,0,1,2.0,0,False,False,True,False,8400000.0
559,2500.0,2.0,1.0,1.0,0,0,0,0,1,0.0,0,False,False,True,False,3290000.0
86,7440.0,3.0,2.0,4.0,1,0,0,0,0,1.0,0,False,False,True,False,7420000.0
107,4000.0,3.0,1.0,2.0,1,0,1,0,1,0.0,1,False,True,False,False,6790000.0
787,11460.0,3.0,1.0,3.0,1,0,0,0,0,2.0,1,False,True,False,False,5873000.0
578,4960.0,2.0,1.0,1.0,1,0,1,0,1,0.0,0,False,False,True,False,3080000.0
480,3520.0,3.0,1.0,1.0,1,0,0,0,0,0.0,1,False,True,False,False,4550000.0
226,3640.0,2.0,1.0,1.0,1,0,0,0,0,0.0,0,False,False,True,False,3570000.0
165,7001.0,3.0,2.0,4.0,1,0,0,0,1,2.0,0,False,True,False,False,8400000.0
26,3960.0,3.0,1.0,2.0,1,0,0,0,0,0.0,0,True,False,False,False,3990000.0
655,6420.0,3.0,1.0,3.0,1,0,1,0,0,0.0,1,False,False,True,False,6125000.0
428,3640.0,3.0,1.0,2.0,1,0,0,0,1,0.0,0,True,False,False,False,4550000.0
266,2970.0,3.0,1.0,3.0,1,0,0,0,0,0.0,0,False,True,False,False,4900000.0
499,6450.0,4.0,1.0,2.0,1,0,0,0,0,0.0,0,False,True,False,False,4340000.0
782,3480.0,2.0,1.0,1.0,1,0,0,0,0,0.0,1,False,True,False,False,3745000.0
736,8500.0,3.0,2.0,4.0,1,0,0,0,1,2.0,0,True,False,False,False,8960000.0
429,4840.0,3.0,1.0,2.0,1,0,0,0,0,1.0,0,False,True,False,False,4165000.0
65,8051.0,3.0,1.0,1.0,1,1,1,0,1,1.0,0,True,False,False,False,8645000.0
412,5960.0,3.0,1.0,2.0,1,1,1,0,0,0.0,0,False,False,True,False,3640000.0
394,8881.0,2.0,1.0,1.0,1,0,0,0,1,1.0,0,False,True,False,False,7070000.0
322,6361.0,3.0,2.0,3.0,1,0,0,0,1,2.0,1,True,False,False,False,7035000.0
544,7686.0,3.0,1.0,1.0,1,1,1,1,0,0.0,0,False,True,False,False,4970000.0
507,7441.0,3.0,2.0,1.0,1,1,1,0,1,0.0,1,False,True,False,False,7420000.0
405,2880.0,3.0,1.0,2.0,1,0,0,0,0,0.0,1,False,True,False,False,4403000.0
731,7085.0,3.0,1.0,1.0,1,1,1,0,0,2.0,1,False,True,False,False,5229000.0
639,8372.0,3.0,1.0,3.0,1,0,0,0,1,2.0,0,False,False,True,False,6090000.0
349,3185.0,2.0,1.0,1.0,1,0,0,0,0,2.0,0,False,False,True,False,3430000.0
296,3500.0,2.0,1.0,1.0,1,1,0,0,0,0.0,0,False,False,True,False,2450000.0
122,5880.0,2.0,1.0,1.0,1,0,0,0,0,0.0,0,False,False,True,False,3500000.0
135,3850.0,3.0,1.0,2.0,1,0,0,0,0,0.0,0,False,False,True,False,1750000.0
47,2850.0,3.0,2.0,2.0,0,0,1,0,0,0.0,1,False,False,True,False,3640000.0
535,4600.0,3.0,2.0,2.0,1,0,0,0,1,1.0,0,False,True,False,False,4200000.0
68,3000.0,3.0,1.0,1.0,0,0,0,0,1,0.0,0,False,False,True,False,3115000.0
556,4800.0,5.0,2.0,3.0,0,0,1,1,0,0.0,0,False,False,True,False,5600000.0
712,6540.0,3.0,1.0,1.0,1,1,1,0,0,2.0,1,True,False,False,False,5950000.0
377,5500.0,3.0,2.0,2.0,1,0,0,0,0,1.0,0,False,True,False,False,5600000.0
197,7350.0,2.0,1.0,1.0,1,0,0,0,0,1.0,0,False,True,False,False,3500000.0
572,3500.0,4.0,1.0,2.0,1,0,0,0,1,2.0,0,False,False,True,False,3360000.0
280,6000.0,4.0,4.0,2.0,1,1,1,1,0,2.0,0,False,True,False,False,9681000.0
651,6825.0,3.0,1.0,1.0,1,1,1,0,1,0.0,1,False,True,False,False,5425000.0
489,4500.0,2.0,1.0,1.0,1,0,0,0,1,2.0,0,True,False,False,False,4270000.0
767,3520.0,2.0,1.0,2.0,1,0,0,0,0,0.0,1,True,False,False,False,4515000.0
321,4095.0,3.0,1.0,2.0,0,1,1,0,1,0.0,0,False,True,False,False,4900000.0
641,6500.0,3.0,2.0,3.0,1,0,0,0,1,0.0,1,True,False,False,False,6650000.0
722,3185.0,2.0,1.0,1.0,1,0,0,0,1,0.0,0,False,False,True,False,2653000.0
238,4770.0,3.0,1.0,1.0,1,1,1,0,0,0.0,0,False,True,False,False,4900000.0
434,6601.0,4.0,2.0,2.0,1,1,1,0,1,1.0,1,False,False,True,False,9100000.0
386,9000.0,3.0,1.0,2.0,1,0,0,0,0,2.0,0,False,True,False,False,3150000.0
589,3720.0,2.0,1.0,1.0,0,0,0,0,1,0.0,0,False,False,True,False,3360000.0
514,2856.0,3.0,1.0,3.0,1,0,0,0,0,0.0,1,True,False,False,False,3780000.0
640,3180.0,3.0,2.0,2.0,1,0,0,0,0,2.0,0,False,True,False,False,5215000.0
417,6525.0,3.0,2.0,4.0,1,0,0,0,0,1.0,0,True,False,False,False,5950000.0
421,7476.0,3.0,3.0,4.0,1,0,0,0,1,2.0,0,False,False,True,False,8400000.0
688,8050.0,3.0,2.0,1.0,1,1,1,0,1,1.0,0,True,False,False,False,8645000.0
18,9166.0,2.0,1.0,1.0,1,0,1,0,1,2.0,0,False,True,False,False,4760000.0
28,3000.0,2.0,1.0,2.0,1,0,0,0,0,0.0,0,False,True,False,False,2961000.0
390,3570.0,3.0,1.0,2.0,1,0,1,0,0,0.0,0,False,True,False,False,3640000.0
696,4800.0,3.0,2.0,4.0,1,1,0,0,1,0.0,0,True,False,False,False,6405000.0
520,2145.0,3.0,1.0,2.0,1,0,1,0,0,0.0,1,True,False,False,False,3332000.0
665,5500.0,4.0,1.0,2.0,1,1,1,0,0,0.0,0,False,True,False,False,3920000.0
237,3460.0,3.0,2.0,1.0,1,0,1,0,1,1.0,0,True,False,False,False,4025000.0
551,4320.0,3.0,1.0,1.0,0,0,0,0,0,1.0,0,False,False,True,False,3220000.0
516,3000.0,2.0,1.0,2.0,1,0,0,0,0,0.0,0,True,False,False,False,2520000.0
194,3850.0,3.0,1.0,1.0,1,0,0,0,0,2.0,0,False,False,True,False,3535000.0
297,4080.0,2.0,1.0,1.0,1,0,0,0,0,0.0,0,False,True,False,False,3850000.0
494,5500.0,3.0,1.0,3.0,1,0,0,0,0,1.0,1,False,False,False,True,6230000.0
752,6421.0,3.0,2.0,2.0,1,0,0,0,1,1.0,1,False,True,False,False,8855000.0
98,6670.0,3.0,1.0,3.0,1,0,1,0,0,0.0,1,True,False,False,False,6510000.0
455,3480.0,2.0,1.0,1.0,1,0,0,0,0,0.0,0,False,True,False,False,3745000.0
244,7441.0,3.0,2.0,4.0,1,0,0,0,0,1.0,1,False,False,True,False,7420000.0
471,4800.0,3.0,1.0,4.0,1,1,0,0,1,0.0,0,True,False,False,False,6405000.0
738,4320.0,3.0,1.0,1.0,1,0,0,0,0,0.0,1,False,True,False,False,4690000.0
779,5850.0,2.0,1.0,1.0,1,1,1,0,0,2.0,0,False,True,False,False,4200000.0
621,6000.0,4.0,3.0,2.0,1,1,1,1,0,2.0,0,False,True,False,False,9681000.0
310,3210.0,3.0,1.0,2.0,1,0,1,0,0,0.0,0,False,False,True,False,2450000.0
543,5961.0,3.0,4.0,2.0,1,1,1,0,0,1.0,0,True,False,False,False,8190000.0
662,7160.0,3.0,1.0,1.0,1,0,1,0,0,2.0,1,False,False,True,False,5880000.0
582,4500.0,4.0,2.0,2.0,1,0,1,0,0,2.0,0,True,False,False,False,3570000.0
700,7001.0,3.0,1.0,4.0,1,0,0,0,1,2.0,0,False,True,False,False,8400000.0
188,8400.0,2.0,1.0,1.0,1,0,0,0,0,1.0,0,True,False,False,False,3780000.0
160,5300.0,4.0,2.0,1.0,1,0,0,0,1,0.0,1,False,False,True,False,5250000.0
236,4120.0,2.0,1.0,1.0,1,0,1,0,0,1.0,0,False,True,False,False,4900000.0
687,3450.0,3.0,1.0,2.0,1,0,1,0,0,1.0,0,False,True,False,False,4515000.0
495,5136.0,3.0,1.0,2.0,1,1,1,0,1,0.0,1,False,False,True,False,5600000.0
617,3000.0,4.0,1.0,2.0,1,0,0,0,0,0.0,0,False,False,True,False,2100000.0
81,4632.0,4.0,1.0,2.0,1,0,0,0,1,0.0,0,False,True,False,False,4130000.0
189,3510.0,3.0,1.0,3.0,1,0,0,0,0,0.0,0,False,True,False,False,4515000.0
313,6040.0,3.0,1.0,1.0,1,0,0,0,0,2.0,1,False,True,False,False,4830000.0
125,3649.0,2.0,1.0,2.0,1,0,0,0,0,0.0,0,False,False,False,True,1890000.0
420,5500.0,3.0,1.0,2.0,1,0,0,0,1,0.0,0,False,False,True,False,4200000.0
717,3350.0,3.0,1.0,2.0,1,0,0,0,0,0.0,0,False,False,True,False,3836000.0
323,2145.0,3.0,1.0,3.0,1,0,0,0,0,0.0,1,True,False,False,False,3430000.0
263,8050.0,3.0,1.0,1.0,1,1,1,0,1,1.0,0,True,False,False,False,8645000.0
570,2520.0,5.0,2.0,1.0,0,0,1,0,1,1.0,0,True,False,False,False,3773000.0
145,16200.0,5.0,3.0,2.0,1,0,0,0,0,0.0,0,False,False,True,False,10150000.0
375,6440.0,2.0,1.0,1.0,1,0,0,0,1,3.0,0,False,True,False,False,4753000.0
337,7440.0,3.0,2.0,1.0,1,1,1,0,1,0.0,1,False,True,False,False,7420000.0
530,9500.0,3.0,1.0,2.0,1,0,0,0,0,3.0,1,False,False,True,False,3500000.0
691,4600.0,2.0,2.0,1.0,1,0,0,0,1,2.0,0,False,True,False,False,5285000.0
541,7000.0,3.0,1.0,4.0,1,0,0,0,1,2.0,0,False,True,False,False,8400000.0
775,4400.0,2.0,1.0,1.0,1,0,0,0,0,0.0,0,False,False,True,False,2590000.0
603,7701.0,3.0,2.0,1.0,1,0,0,0,0,2.0,0,False,False,True,False,6895000.0
481,3640.0,2.0,1.0,1.0,1,0,0,0,0,1.0,0,False,True,False,False,3500000.0
209,4775.0,4.0,1.0,2.0,1,0,0,0,0,0.0,0,False,False,True,False,3325000.0
439,7156.0,3.0,3.0,1.0,1,1,1,0,1,2.0,0,False,False,True,False,8680000.0
344,6481.0,3.0,2.0,4.0,1,0,0,0,1,2.0,0,False,False,True,False,7700000.0
90,5450.0,2.0,1.0,1.0,1,0,0,0,0,0.0,0,True,False,False,False,3703000.0
632,7482.0,3.0,3.0,3.0,1,0,0,1,0,1.0,1,True,False,False,False,8043000.0
606,3800.0,2.0,1.0,1.0,1,0,0,0,0,0.0,0,False,False,True,False,3045000.0
52,7000.0,3.0,3.0,4.0,1,0,0,0,1,2.0,0,True,False,False,False,8080940.0
72,6001.0,4.0,2.0,4.0,1,0,0,0,1,1.0,0,False,True,False,False,7910000.0
309,4600.0,3.0,2.0,2.0,1,1,0,0,1,2.0,0,True,False,False,False,8890000.0
250,3640.0,2.0,1.0,1.0,1,0,0,0,0,0.0,0,False,False,True,False,2345000.0
305,2640.0,2.0,1.0,1.0,0,0,0,0,0,1.0,0,True,False,False,False,2835000.0
316,7320.0,4.0,2.0,2.0,1,0,0,0,0,0.0,0,True,False,False,False,5950000.0
257,6000.0,3.0,1.0,4.0,1,1,0,0,1,2.0,0,False,False,True,False,7962500.0
631,3500.0,2.0,1.0,1.0,0,0,1,0,0,0.0,0,False,True,False,False,3150000.0
564,7770.0,2.0,1.0,1.0,1,0,0,0,0,1.0,0,True,False,False,False,4270000.0
478,4500.0,3.0,1.0,1.0,1,0,1,0,0,0.0,0,True,False,False,False,4200000.0
279,4200.0,3.0,1.0,2.0,1,0,0,0,0,1.0,0,True,False,False,False,4907000.0
225,6551.0,3.0,1.0,2.0,1,0,1,0,1,0.0,1,True,False,False,False,7875000.0
649,5750.0,3.0,2.0,4.0,1,1,0,0,1,1.0,1,False,False,True,False,9800000.0
699,5320.0,3.0,1.0,2.0,1,1,1,0,0,0.0,1,False,True,False,False,4550000.0
29,5900.0,4.0,2.0,2.0,0,0,1,0,0,1.0,0,False,False,True,False,4060000.0
277,12944.0,3.0,1.0,1.0,1,0,0,0,0,0.0,0,False,False,True,False,3500000.0
91,2145.0,4.0,2.0,1.0,1,0,1,0,0,0.0,1,False,False,True,False,3920000.0
281,5720.0,2.0,1.0,2.0,1,0,0,0,1,0.0,1,False,False,True,False,5075000.0
247,6060.0,2.0,1.0,1.0,1,0,1,0,0,1.0,0,False,True,False,False,4123000.0
199,8080.0,3.0,1.0,1.0,1,0,0,0,1,2.0,0,False,True,False,False,3920000.0
249,8250.0,3.0,2.0,3.0,1,0,0,0,1,0.0,0,True,False,False,False,6510000.0
217,4601.0,3.0,3.0,2.0,1,1,0,0,1,2.0,0,True,False,False,False,8890000.0
545,6001.0,4.0,4.0,2.0,1,1,1,1,0,2.0,0,False,True,False,False,9681000.0
463,5150.0,3.0,2.0,4.0,1,0,0,0,1,2.0,0,False,True,False,False,7350000.0
401,3420.0,4.0,2.0,2.0,1,0,0,0,0,0.0,0,False,True,False,False,4767000.0
391,5750.0,3.0,3.0,4.0,1,1,0,0,1,1.0,1,False,False,True,False,9800000.0
378,4000.0,2.0,1.0,1.0,1,0,0,0,0,0.0,1,False,True,False,False,3605000.0
39,6000.0,4.0,2.0,4.0,1,0,0,0,1,0.0,0,False,False,True,False,6755000.0
658,4100.0,2.0,2.0,1.0,1,1,1,0,0,0.0,0,False,False,False,True,4543000.0
149,3420.0,4.0,2.0,2.0,1,0,1,0,1,2.0,0,False,True,False,False,4893000.0
528,3630.0,4.0,1.0,2.0,1,0,0,0,0,3.0,0,False,True,False,False,3010000.0
586,6001.0,3.0,1.0,2.0,1,0,0,0,1,1.0,0,False,False,True,False,7350000.0
565,4040.0,2.0,1.0,1.0,1,0,0,0,0,0.0,0,False,False,True,False,3423000.0
803,3520.0,3.0,1.0,1.0,1,0,0,0,0,2.0,1,False,False,True,False,3633000.0
326,9860.0,3.0,1.0,1.0,1,0,0,0,0,0.0,0,False,True,False,False,4515000.0
317,6001.0,3.0,2.0,4.0,1,0,0,0,1,1.0,0,True,False,False,False,7525000.0
211,2880.0,3.0,1.0,1.0,0,0,0,0,0,0.0,0,False,False,True,False,2520000.0
524,3162.0,3.0,1.0,2.0,1,0,0,0,1,1.0,0,True,False,False,False,4473000.0
441,7020.0,3.0,1.0,1.0,1,0,1,0,1,0.0,1,False,True,False,False,5950000.0
415,9000.0,3.0,1.0,2.0,1,0,1,0,0,1.0,1,True,False,False,False,6300000.0
637,7000.0,3.0,1.0,1.0,1,0,1,0,0,2.0,1,False,True,False,False,5803000.0
491,5828.0,4.0,1.0,4.0,1,1,0,0,0,0.0,0,False,True,False,False,5810000.0
757,3500.0,4.0,2.0,2.0,1,0,0,1,0,2.0,0,True,False,False,False,9240000.0
755,4000.0,4.0,2.0,2.0,0,0,0,0,0,0.0,0,False,True,False,False,4200000.0
724,5400.0,2.0,1.0,2.0,1,0,0,0,0,0.0,1,False,True,False,False,4690000.0
601,5151.0,3.0,2.0,4.0,1,0,0,0,1,2.0,0,False,True,False,False,7350000.0
595,6840.0,5.0,2.0,2.0,1,1,1,0,1,1.0,0,True,False,False,False,8120000.0
267,4600.0,3.0,3.0,2.0,1,1,0,0,1,2.0,0,True,False,False,False,8890000.0
607,6360.0,3.0,2.0,4.0,1,0,0,0,1,0.0,1,True,False,False,False,7840000.0
351,3120.0,3.0,1.0,2.0,0,0,0,1,0,0.0,0,False,True,False,False,3703000.0
734,6000.0,4.0,2.0,4.0,1,0,0,0,0,2.0,0,False,True,False,False,7700000.0
121,5400.0,3.0,1.0,1.0,1,0,0,0,0,3.0,0,False,True,False,False,4025000.0
27,7155.0,3.0,2.0,1.0,1,1,1,0,1,2.0,0,False,False,True,False,8680000.0
44,8880.0,2.0,1.0,1.0,1,0,0,0,1,1.0,0,False,True,False,False,7070000.0
342,6000.0,3.0,2.0,4.0,1,0,0,0,1,0.0,0,False,False,True,False,5775000.0
100,3420.0,2.0,1.0,2.0,1,0,0,1,0,1.0,0,False,True,False,False,3780000.0
483,10240.0,2.0,1.0,1.0,1,0,0,0,1,2.0,1,False,False,True,False,4760000.0
30,3934.0,2.0,1.0,1.0,1,0,0,0,0,0.0,0,False,False,True,False,2660000.0
615,3410.0,3.0,1.0,2.0,0,0,0,0,1,0.0,0,False,True,False,False,5145000.0
469,4410.0,4.0,3.0,2.0,1,0,1,0,0,2.0,0,False,True,False,False,4970000.0
567,6750.0,2.0,1.0,1.0,1,1,1,0,0,2.0,1,True,False,False,False,6419000.0
252,3460.0,4.0,1.0,2.0,1,0,0,0,1,0.0,0,False,True,False,False,4007500.0
163,4800.0,3.0,1.0,3.0,1,0,0,0,1,0.0,0,False,False,True,False,5810000.0
213,6000.0,3.0,2.0,4.0,1,1,0,0,1,1.0,0,True,False,False,False,7210000.0
318,7951.0,5.0,3.0,2.0,1,0,1,1,0,2.0,0,False,False,True,False,8400000.0
611,4815.0,2.0,1.0,1.0,1,0,0,0,1,0.0,1,False,True,False,False,4830000.0
268,4300.0,3.0,2.0,2.0,1,0,1,0,0,1.0,0,False,False,True,False,7455000.0
437,5700.0,3.0,1.0,1.0,1,1,1,0,1,2.0,1,True,False,False,False,6650000.0
540,8880.0,3.0,2.0,2.0,1,0,1,0,1,1.0,0,True,False,False,False,6930000.0
292,7410.0,3.0,1.0,1.0,1,1,1,0,1,2.0,1,False,False,True,False,6475000.0
475,4510.0,4.0,1.0,2.0,1,0,0,0,1,2.0,0,False,True,False,False,4480000.0
41,7483.0,3.0,2.0,3.0,1,0,0,1,0,1.0,1,True,False,False,False,8043000.0
599,6000.0,4.0,1.0,3.0,1,1,1,0,0,0.0,1,False,False,True,False,6265000.0
371,6420.0,3.0,1.0,1.0,1,0,1,0,1,0.0,1,True,False,False,False,5950000.0
648,3816.0,2.0,1.0,1.0,1,0,1,0,1,2.0,0,True,False,False,False,3920000.0
576,5300.0,5.0,2.0,2.0,1,0,0,0,0,0.0,0,False,True,False,False,3850000.0
120,4120.0,2.0,1.0,2.0,1,0,0,0,0,0.0,0,False,False,True,False,3360000.0
123,3185.0,2.0,1.0,1.0,1,0,1,0,0,2.0,0,True,False,False,False,3360000.0
645,3150.0,3.0,1.0,2.0,1,0,1,0,0,0.0,0,True,False,False,False,3570000.0
496,4820.0,3.0,1.0,2.0,1,0,0,0,0,0.0,0,False,True,False,False,3780000.0
454,5800.0,3.0,2.0,4.0,1,0,0,0,1,0.0,0,False,False,True,False,5740000.0
685,6841.0,5.0,2.0,2.0,1,1,1,0,1,1.0,0,True,False,False,False,8120000.0
359,3660.0,4.0,1.0,2.0,0,0,0,0,0,0.0,0,False,False,True,False,2940000.0
92,3760.0,3.0,1.0,1.0,1,0,0,0,0,2.0,0,False,True,False,False,4550000.0
79,4881.0,4.0,2.0,2.0,1,0,0,0,1,0.0,1,True,False,False,False,8295000.0
228,5010.0,3.0,1.0,2.0,1,0,1,0,0,0.0,0,False,True,False,False,4620000.0
785,4040.0,3.0,1.0,2.0,1,0,1,1,0,1.0,0,True,False,False,False,6650000.0
675,6000.0,2.0,1.0,1.0,1,0,0,1,0,1.0,0,True,False,False,False,3920000.0
186,3180.0,3.0,1.0,1.0,0,0,0,0,0,0.0,0,False,False,True,False,2520000.0
193,3400.0,3.0,1.0,2.0,1,0,1,0,0,2.0,1,False,True,False,False,4277000.0
762,7420.0,4.0,2.0,3.0,1,0,0,0,1,2.0,1,False,False,False,True,13300000.0
328,5501.0,4.0,3.0,2.0,1,0,1,0,1,1.0,1,False,True,False,False,8400000.0
713,8051.0,3.0,2.0,1.0,1,1,1,0,1,1.0,0,True,False,False,False,8645000.0
180,2135.0,3.0,2.0,2.0,0,0,0,0,0,0.0,0,False,False,True,False,3500000.0
550,7152.0,3.0,1.0,2.0,1,0,0,0,1,0.0,0,True,False,False,False,3850000.0
94,3510.0,3.0,1.0,2.0,1,0,0,0,0,0.0,0,False,True,False,False,4473000.0
575,3880.0,3.0,2.0,2.0,1,0,1,0,0,2.0,0,False,True,False,False,4620000.0
587,4160.0,3.0,1.0,1.0,1,1,1,0,1,0.0,0,False,False,True,False,4620000.0
622,4995.0,4.0,2.0,1.0,1,0,1,0,0,0.0,0,False,True,False,False,4893000.0
331,6000.0,4.0,1.0,4.0,1,1,0,0,0,0.0,0,False,True,False,False,5810000.0
468,4700.0,4.0,1.0,2.0,1,1,1,0,1,1.0,0,True,False,False,False,5600000.0
190,6440.0,2.0,1.0,1.0,1,0,0,0,1,3.0,0,False,False,False,True,4753000.0
307,2145.0,3.0,1.0,3.0,1,0,0,0,0,0.0,1,True,False,False,False,3465000.0
694,5960.0,3.0,4.0,2.0,1,1,1,0,0,1.0,0,False,False,True,False,8190000.0
96,3840.0,3.0,1.0,2.0,1,0,0,0,0,1.0,1,False,True,False,False,4585000.0
424,11176.0,3.0,1.0,1.0,1,0,1,0,1,1.0,1,True,False,False,False,7000000.0
185,4095.0,2.0,1.0,1.0,1,0,0,0,0,2.0,0,False,True,False,False,3150000.0
445,5200.0,4.0,1.0,3.0,1,0,0,0,0,0.0,0,False,False,True,False,2852500.0
330,8875.0,3.0,1.0,1.0,1,0,0,0,0,1.0,0,False,True,False,False,8400000.0
166,4900.0,2.0,1.0,2.0,1,0,1,0,0,0.0,0,False,True,False,False,4410000.0
379,6350.0,3.0,2.0,3.0,1,1,0,0,1,0.0,0,True,False,False,False,6195000.0
162,6361.0,3.0,2.0,4.0,1,0,0,0,1,0.0,1,True,False,False,False,7840000.0
14,7951.0,5.0,3.0,2.0,1,0,1,1,0,0.0,0,False,False,True,False,8400000.0
549,6050.0,3.0,1.0,1.0,1,0,1,0,0,0.0,1,False,True,False,False,5243000.0
246,6001.0,3.0,2.0,2.0,1,1,0,0,1,1.0,0,False,True,False,False,7350000.0
786,6540.0,4.0,3.0,2.0,1,1,1,0,1,2.0,1,True,False,False,False,8540000.0
652,6361.0,4.0,2.0,3.0,1,0,0,0,1,2.0,1,True,False,False,False,7035000.0
760,10500.0,4.0,2.0,2.0,1,0,0,0,0,1.0,0,False,True,False,False,5600000.0
361,4881.0,4.0,2.0,2.0,1,0,0,0,1,1.0,1,True,False,False,False,8295000.0
147,6600.0,3.0,1.0,1.0,1,1,1,0,0,0.0,1,True,False,False,False,5040000.0
136,6001.0,3.0,2.0,2.0,1,1,0,0,0,1.0,0,False,True,False,False,7140000.0
527,6001.0,4.0,3.0,2.0,1,1,1,1,0,2.0,0,False,True,False,False,9681000.0
137,6000.0,2.0,1.0,1.0,1,0,1,0,1,1.0,0,True,False,False,False,4690000.0
423,4350.0,3.0,1.0,2.0,0,0,0,1,0,1.0,0,False,False,True,False,2835000.0
366,3630.0,3.0,2.0,2.0,1,0,0,1,0,2.0,0,False,True,False,False,4025000.0
737,5500.0,4.0,1.0,2.0,1,1,0,0,0,0.0,0,False,True,False,False,3920000.0
335,9960.0,3.0,2.0,2.0,1,0,1,0,0,2.0,1,False,True,False,False,12250000.0
105,4900.0,3.0,1.0,2.0,0,0,0,0,0,0.0,0,False,False,True,False,3493000.0
31,8876.0,3.0,2.0,1.0,1,0,0,0,0,1.0,0,False,True,False,False,8400000.0
57,6360.0,2.0,1.0,1.0,1,0,1,0,1,1.0,0,True,False,False,False,4473000.0
436,4960.0,4.0,1.0,3.0,0,0,0,0,0,0.0,0,False,True,False,False,3360000.0
67,3680.0,3.0,2.0,2.0,1,0,0,0,0,0.0,0,False,True,False,False,4095000.0
521,2610.0,4.0,3.0,2.0,0,0,0,0,0,0.0,0,False,True,False,False,4200000.0
453,5948.0,3.0,1.0,2.0,1,0,0,0,1,0.0,0,False,True,False,False,4935000.0
479,4510.0,4.0,2.0,2.0,1,0,1,0,0,0.0,0,False,True,False,False,4613000.0
666,4350.0,2.0,1.0,1.0,1,0,1,0,0,0.0,0,False,False,True,False,4865000.0
71,5900.0,4.0,2.0,2.0,0,0,1,0,0,1.0,0,False,False,False,True,4060000.0
703,4646.0,3.0,1.0,2.0,1,1,1,0,0,2.0,0,False,True,False,False,4900000.0
124,3600.0,2.0,1.0,1.0,1,0,0,0,0,0.0,0,False,False,True,False,2590000.0
222,6360.0,4.0,2.0,3.0,1,0,0,0,1,2.0,1,True,False,False,False,7035000.0
433,4080.0,3.0,1.0,2.0,1,0,0,0,0,2.0,0,False,True,False,False,4165000.0
352,3986.0,2.0,2.0,1.0,0,1,1,0,0,1.0,0,False,False,True,False,3150000.0
301,7950.0,5.0,2.0,2.0,1,0,1,1,0,2.0,0,False,False,False,True,8400000.0
2,4321.0,3.0,2.0,2.0,1,0,1,1,0,2.0,0,True,False,False,False,8750000.0
408,2015.0,3.0,1.0,2.0,1,0,1,0,0,0.0,1,False,True,False,False,3850000.0
403,6000.0,4.0,2.0,4.0,1,0,0,0,1,1.0,0,False,True,False,False,7910000.0
698,4400.0,3.0,1.0,2.0,1,0,0,0,0,0.0,0,False,False,True,False,2485000.0
506,3500.0,3.0,1.0,2.0,1,0,0,0,0,2.0,0,True,False,False,False,4340000.0
1,7000.0,3.0,2.0,4.0,1,0,0,0,1,2.0,0,True,False,False,False,8080940.0
24,2550.0,3.0,1.0,2.0,1,0,1,0,0,0.0,0,True,False,False,False,4550000.0
610,3745.0,3.0,1.0,2.0,1,0,1,0,0,0.0,0,True,False,False,False,4655000.0
538,7420.0,4.0,2.0,3.0,1,0,0,0,1,2.0,1,True,False,False,False,13300000.0
624,3968.0,3.0,1.0,2.0,0,0,0,0,0,0.0,0,False,True,False,False,4410000.0
708,6600.0,4.0,2.0,2.0,1,1,1,0,1,1.0,1,False,False,True,False,9100000.0
253,4100.0,3.0,2.0,3.0,1,0,0,0,1,2.0,0,False,False,False,True,6300000.0
512,2953.0,3.0,1.0,2.0,1,0,1,0,1,0.0,0,False,False,True,False,4200000.0
476,6550.0,4.0,2.0,2.0,1,0,0,0,1,1.0,1,False,True,False,False,9310000.0
566,4050.0,2.0,1.0,2.0,1,0,0,0,0,0.0,0,True,False,False,False,3710000.0
498,6001.0,3.0,2.0,3.0,1,0,0,0,1,0.0,0,False,True,False,False,7560000.0
561,3180.0,2.0,2.0,1.0,1,0,1,0,0,2.0,0,False,True,False,False,3850000.0
117,3180.0,2.0,1.0,1.0,1,0,0,0,0,0.0,0,False,False,True,False,2310000.0
716,1950.0,3.0,2.0,2.0,1,0,1,0,0,0.0,1,False,False,True,False,3430000.0
51,6000.0,3.0,2.0,2.0,1,1,0,0,0,1.0,0,False,True,False,False,7140000.0
12,4320.0,3.0,1.0,2.0,1,0,1,1,0,2.0,0,False,True,False,False,8750000.0
85,3120.0,3.0,1.0,2.0,1,0,0,0,0,1.0,0,False,False,True,False,3500000.0
83,6551.0,4.0,3.0,2.0,1,0,0,0,1,1.0,1,False,True,False,False,9310000.0
353,13201.0,2.0,1.0,1.0,1,0,1,1,0,1.0,0,True,False,False,False,6930000.0
422,7156.0,3.0,2.0,1.0,1,1,1,0,1,2.0,0,False,False,True,False,8680000.0
620,2176.0,2.0,1.0,2.0,1,1,0,0,0,0.0,1,False,True,False,False,3850000.0
241,5800.0,2.0,1.0,1.0,1,1,1,0,1,0.0,0,False,True,False,False,4900000.0
406,5500.0,3.0,2.0,4.0,1,1,0,0,1,1.0,0,False,True,False,False,6195000.0
269,4500.0,2.0,1.0,1.0,1,0,0,0,0,0.0,0,False,True,False,False,3605000.0
798,3000.0,3.0,1.0,2.0,0,0,0,0,0,0.0,0,False,True,False,False,2485000.0
370,6000.0,3.0,1.0,4.0,1,0,0,0,1,1.0,0,False,False,True,False,7420000.0
146,4500.0,2.0,1.0,2.0,1,0,0,1,0,1.0,0,False,True,False,False,3080000.0
102,2145.0,3.0,1.0,2.0,1,0,1,0,0,0.0,1,True,False,False,False,3290000.0
348,8150.0,3.0,2.0,1.0,1,1,1,0,0,0.0,0,False,True,False,False,5005000.0
395,6001.0,4.0,2.0,4.0,1,0,0,0,1,1.0,0,True,False,False,False,7560000.0
460,11410.0,2.0,1.0,2.0,1,0,0,0,0,0.0,1,True,False,False,False,5110000.0
50,4240.0,3.0,1.0,2.0,1,0,0,0,1,0.0,0,False,True,False,False,3500000.0
219,12900.0,3.0,1.0,1.0,1,0,0,0,0,2.0,0,True,False,False,False,4900000.0
735,2325.0,3.0,1.0,2.0,0,0,0,0,0,0.0,0,False,True,False,False,4200000.0
158,6000.0,3.0,2.0,4.0,1,1,1,0,1,0.0,1,False,True,False,False,8463000.0
740,13201.0,3.0,1.0,1.0,1,0,0,1,0,1.0,0,True,False,False,False,6930000.0
16,4260.0,4.0,1.0,2.0,1,0,1,0,1,0.0,0,True,False,False,False,5250000.0
360,6360.0,3.0,1.0,1.0,1,1,0,0,1,2.0,1,True,False,False,False,5740000.0
473,6001.0,4.0,1.0,2.0,1,0,1,0,0,2.0,0,False,True,False,False,9100000.0
407,3264.0,3.0,1.0,1.0,1,0,0,0,0,0.0,0,False,False,True,False,2380000.0
633,3649.0,2.0,1.0,1.0,1,0,0,0,0,0.0,0,False,False,True,False,1890000.0
509,3970.0,1.0,1.0,1.0,0,0,0,0,0,0.0,0,False,False,True,False,2275000.0
715,5600.0,3.0,1.0,1.0,1,0,0,0,1,0.0,0,False,True,False,False,4095000.0
450,4640.0,4.0,1.0,2.0,1,0,0,0,0,1.0,0,False,True,False,False,5740000.0
314,8250.0,3.0,1.0,1.0,1,0,1,0,0,3.0,0,False,True,False,False,4193000.0
171,6360.0,3.0,1.0,1.0,1,1,1,0,1,2.0,1,True,False,False,False,5740000.0
332,6000.0,3.0,2.0,4.0,1,0,0,0,1,1.0,0,True,False,False,False,7525000.0
402,13200.0,3.0,2.0,2.0,1,0,1,0,1,2.0,1,True,False,False,False,9800000.0
609,7951.0,5.0,2.0,2.0,1,0,1,1,0,2.0,0,False,False,True,False,8400000.0
55,4640.0,3.0,1.0,2.0,1,0,0,0,0,1.0,0,False,True,False,False,5740000.0
182,3600.0,6.0,1.0,2.0,1,0,0,0,0,1.0,0,False,False,True,False,3500000.0
358,7980.0,3.0,1.0,1.0,1,0,0,0,0,1.0,1,False,True,False,False,5145000.0
625,5400.0,4.0,2.0,2.0,1,0,0,0,1,2.0,0,False,False,True,False,5740000.0
174,7155.0,3.0,3.0,1.0,1,1,1,0,1,2.0,0,False,False,True,False,8680000.0
143,5300.0,3.0,1.0,1.0,0,0,0,0,1,0.0,1,False,False,True,False,2233000.0
15,4000.0,2.0,1.0,1.0,1,0,0,0,0,0.0,0,False,False,True,False,3430000.0
355,11441.0,4.0,1.0,2.0,1,0,1,0,0,1.0,1,False,True,False,False,7343000.0
446,5400.0,4.0,1.0,2.0,1,0,0,0,0,0.0,0,False,False,True,False,2870000.0
154,3240.0,2.0,1.0,1.0,0,1,0,0,0,1.0,0,False,False,True,False,2450000.0
128,7001.0,3.0,2.0,4.0,1,0,0,0,1,2.0,0,True,False,False,False,8080940.0
176,3700.0,4.0,1.0,2.0,1,0,0,0,1,0.0,0,True,False,False,False,5950000.0
290,7200.0,3.0,2.0,1.0,1,0,1,0,1,3.0,0,False,True,False,False,6300000.0
635,5500.0,3.0,2.0,1.0,1,0,1,0,0,0.0,0,False,True,False,False,5250000.0
689,6000.0,3.0,1.0,2.0,1,0,0,1,0,1.0,1,False,True,False,False,6629000.0
374,4321.0,3.0,1.0,2.0,1,0,1,1,0,2.0,0,False,True,False,False,8750000.0
221,7020.0,3.0,1.0,1.0,1,0,1,0,1,2.0,1,False,True,False,False,5950000.0
413,4500.0,3.0,1.0,2.0,0,0,1,0,1,0.0,0,False,True,False,False,4007500.0
6,5500.0,4.0,2.0,2.0,1,0,1,0,1,1.0,1,False,True,False,False,8400000.0
306,2175.0,3.0,1.0,2.0,0,1,1,0,1,0.0,0,False,False,True,False,4270000.0
9,4000.0,3.0,1.0,2.0,1,0,0,0,0,1.0,0,False,False,True,False,2730000.0
239,6550.0,3.0,1.0,2.0,1,0,1,0,1,0.0,1,False,False,False,True,7875000.0
503,3500.0,2.0,1.0,1.0,1,0,0,0,0,0.0,0,False,False,True,False,3115000.0
183,6601.0,3.0,1.0,4.0,1,0,0,0,1,3.0,1,True,False,False,False,7490000.0
594,5320.0,2.0,1.0,1.0,1,0,0,0,0,1.0,1,False,False,True,False,3465000.0
579,9620.0,3.0,1.0,1.0,1,0,1,0,0,2.0,1,True,False,False,False,6083000.0
574,6360.0,2.0,1.0,2.0,1,0,0,0,0,0.0,0,False,False,True,False,4270000.0
157,3150.0,3.0,1.0,2.0,0,0,0,0,0,0.0,0,False,False,False,True,2940000.0
393,5830.0,2.0,1.0,1.0,1,0,0,0,0,2.0,0,False,False,True,False,3780000.0
693,3000.0,2.0,1.0,1.0,1,0,1,0,0,2.0,0,False,False,True,False,1820000.0
115,6000.0,3.0,1.0,1.0,1,0,0,0,0,2.0,0,False,True,False,False,4550000.0
295,9000.0,4.0,3.0,4.0,1,0,0,0,1,2.0,0,False,False,False,True,7980000.0
153,4785.0,3.0,1.0,2.0,1,1,1,0,1,1.0,0,True,False,False,False,3395000.0
547,6650.0,3.0,1.0,2.0,1,1,0,0,0,0.0,0,False,True,False,False,4235000.0
202,6000.0,4.0,2.0,2.0,0,0,0,0,1,0.0,0,False,True,False,False,5250000.0
274,3960.0,3.0,1.0,1.0,1,0,1,0,0,2.0,0,False,True,False,False,6475000.0
20,1950.0,3.0,1.0,1.0,0,0,0,1,0,0.0,0,False,False,True,False,2240000.0
619,2787.0,3.0,1.0,1.0,1,0,1,0,0,0.0,1,True,False,False,False,4235000.0
497,9001.0,4.0,3.0,4.0,1,0,0,0,1,2.0,0,True,False,False,False,7980000.0
410,6800.0,2.0,1.0,1.0,1,0,0,0,0,0.0,0,False,False,True,False,2730000.0
427,4280.0,2.0,1.0,1.0,1,0,0,0,1,2.0,0,False,True,False,False,3640000.0
87,3069.0,2.0,1.0,1.0,1,0,0,0,0,1.0,0,False,False,True,False,3150000.0
141,8875.0,3.0,2.0,1.0,1,0,0,0,0,1.0,0,False,True,False,False,8400000.0
303,3850.0,2.0,1.0,1.0,1,0,0,0,0,0.0,0,False,True,False,False,3850000.0
73,7980.0,3.0,1.0,1.0,1,0,0,0,0,2.0,0,False,True,False,False,5495000.0
725,10500.0,2.0,1.0,1.0,1,0,0,0,0,1.0,0,False,True,False,False,5600000.0
215,4560.0,3.0,2.0,2.0,1,1,1,0,1,1.0,0,True,False,False,False,8645000.0
227,6241.0,4.0,2.0,2.0,1,0,0,0,1,1.0,0,True,False,False,False,7070000.0
389,3780.0,2.0,1.0,2.0,1,1,1,0,0,0.0,0,False,True,False,False,3885000.0
205,6001.0,4.0,2.0,4.0,1,0,0,0,0,2.0,0,False,True,False,False,7700000.0
741,8580.0,4.0,3.0,4.0,1,0,0,0,1,2.0,1,False,True,False,False,10150000.0
596,4000.0,3.0,1.0,1.0,1,0,0,0,0,0.0,0,False,False,True,False,3430000.0
324,3264.0,2.0,1.0,1.0,1,0,0,0,0,0.0,0,False,False,True,False,2380000.0
338,6350.0,3.0,2.0,3.0,1,1,0,0,0,0.0,0,True,False,False,False,6195000.0
192,3900.0,3.0,1.0,2.0,1,0,0,0,0,0.0,0,False,False,True,False,4375000.0
112,4100.0,4.0,1.0,1.0,0,0,1,0,0,0.0,0,False,False,True,False,3990000.0
4,7500.0,4.0,2.0,2.0,1,0,1,0,1,3.0,1,True,False,False,False,12215000.0
283,9000.0,4.0,2.0,4.0,1,0,0,0,1,2.0,0,True,False,False,False,7980000.0
272,12090.0,4.0,2.0,2.0,1,0,0,0,0,2.0,1,True,False,False,False,6790000.0
40,6001.0,4.0,2.0,4.0,1,1,0,0,1,1.0,0,True,False,False,False,7350000.0
663,4040.0,2.0,1.0,1.0,1,0,0,0,0,0.0,0,False,True,False,False,3710000.0
791,9001.0,4.0,2.0,4.0,1,0,0,0,1,2.0,0,True,False,False,False,7980000.0
608,7231.0,3.0,1.0,2.0,1,1,1,0,1,0.0,1,False,True,False,False,5950000.0
780,3000.0,2.0,1.0,1.0,1,0,0,0,0,1.0,0,False,False,True,False,2450000.0
293,7001.0,3.0,3.0,4.0,1,0,0,0,1,2.0,0,True,False,False,False,8080940.0
33,4040.0,2.0,1.0,1.0,1,0,0,0,0,0.0,0,False,False,False,True,3290000.0
104,6001.0,3.0,2.0,4.0,1,1,0,0,1,2.0,0,False,False,True,False,7962500.0
597,8801.0,3.0,3.0,2.0,1,0,0,0,1,2.0,0,True,False,False,False,8575000.0
235,3630.0,2.0,1.0,1.0,1,0,0,0,1,0.0,0,False,False,True,False,3675000.0
251,7475.0,3.0,2.0,4.0,1,0,0,0,1,2.0,0,False,False,True,False,8400000.0
64,5960.0,3.0,3.0,2.0,1,1,1,0,0,1.0,0,False,False,True,False,8190000.0
376,4992.0,3.0,2.0,2.0,1,0,0,0,0,2.0,0,False,False,True,False,4060000.0
462,7200.0,3.0,1.0,2.0,1,1,1,0,0,1.0,1,True,False,False,False,5215000.0
248,2800.0,3.0,2.0,2.0,0,0,1,0,1,1.0,0,False,True,False,False,4956000.0
245,2990.0,2.0,1.0,1.0,0,0,0,0,0,1.0,0,False,False,True,False,1855000.0
772,3750.0,3.0,1.0,1.0,1,0,0,0,0,0.0,0,False,False,True,False,3360000.0
539,4800.0,2.0,1.0,1.0,1,1,1,0,0,0.0,0,False,True,False,False,5033000.0
464,4040.0,3.0,1.0,2.0,1,0,0,0,0,1.0,0,False,True,False,False,4480000.0
796,3420.0,5.0,1.0,2.0,0,0,0,0,0,0.0,0,False,False,True,False,1960000.0
664,4400.0,4.0,1.0,2.0,1,0,0,0,1,2.0,1,False,True,False,False,5565000.0
270,3500.0,4.0,3.0,2.0,1,0,0,1,0,2.0,0,True,False,False,False,9240000.0
727,6750.0,2.0,1.0,1.0,1,0,0,0,0,0.0,0,False,True,False,False,3150000.0
695,5680.0,3.0,1.0,2.0,1,1,0,0,1,1.0,0,False,True,False,False,4620000.0
571,4750.0,2.0,1.0,1.0,1,0,0,0,0,0.0,0,False,False,True,False,3360000.0
513,5170.0,3.0,1.0,4.0,1,0,0,0,1,0.0,0,False,True,False,False,4690000.0
340,4500.0,3.0,1.0,2.0,1,0,0,0,1,0.0,0,False,False,True,False,3143000.0
385,4500.0,2.0,1.0,1.0,0,0,0,0,0,0.0,0,True,False,False,False,3570000.0
425,3120.0,3.0,1.0,2.0,0,0,1,1,0,0.0,0,False,True,False,False,3703000.0
232,3600.0,2.0,1.0,1.0,1,0,0,0,0,0.0,0,True,False,False,False,3675000.0
702,7700.0,2.0,1.0,1.0,1,0,0,0,0,0.0,0,False,False,True,False,2450000.0
43,4321.0,3.0,2.0,2.0,1,0,1,1,0,2.0,0,False,True,False,False,8750000.0
744,5076.0,3.0,1.0,1.0,0,0,0,0,0,0.0,0,False,False,True,False,3010000.0
661,3501.0,4.0,2.0,2.0,1,0,0,1,0,2.0,0,True,False,False,False,9240000.0
435,1650.0,3.0,1.0,2.0,0,0,1,0,0,0.0,0,False,False,True,False,3150000.0
600,7800.0,3.0,1.0,1.0,1,0,1,0,1,2.0,1,False,False,True,False,5320000.0
508,3600.0,3.0,1.0,1.0,1,0,0,0,0,1.0,0,False,False,True,False,3710000.0
563,5500.0,4.0,3.0,2.0,1,0,1,0,1,1.0,1,False,True,False,False,8400000.0
134,5500.0,3.0,2.0,1.0,1,1,1,0,0,2.0,1,True,False,False,False,6195000.0
11,5500.0,3.0,1.0,3.0,1,0,0,0,0,1.0,1,True,False,False,False,6230000.0
388,3090.0,2.0,1.0,1.0,1,1,1,0,0,0.0,0,False,False,True,False,3080000.0
797,5700.0,3.0,1.0,1.0,1,1,1,0,1,0.0,1,True,False,False,False,6650000.0
562,3501.0,4.0,3.0,2.0,1,0,0,1,0,2.0,0,True,False,False,False,9240000.0
618,2400.0,3.0,1.0,1.0,0,0,0,0,0,0.0,0,False,True,False,False,1767150.0
440,3630.0,3.0,3.0,2.0,1,1,0,0,0,0.0,0,False,False,True,False,2660000.0
53,7950.0,5.0,3.0,2.0,1,0,1,1,0,2.0,0,False,False,True,False,8400000.0
198,5900.0,2.0,1.0,1.0,1,0,0,0,0,1.0,0,True,False,False,False,3500000.0
399,5400.0,5.0,1.0,2.0,1,1,1,0,1,0.0,1,True,False,False,False,5565000.0
75,4500.0,3.0,1.0,4.0,1,0,0,0,1,0.0,0,False,False,True,False,6160000.0
776,7500.0,3.0,3.0,1.0,1,0,1,0,1,2.0,1,False,True,False,False,10850000.0
289,7700.0,3.0,2.0,1.0,1,0,0,0,0,2.0,0,False,False,True,False,6895000.0
308,4880.0,4.0,2.0,2.0,1,0,0,0,1,1.0,1,True,False,False,False,8295000.0
144,7260.0,3.0,2.0,1.0,1,1,1,0,0,3.0,0,True,False,False,False,3920000.0
276,3450.0,3.0,1.0,2.0,1,0,1,0,0,0.0,0,False,True,False,False,3150000.0
447,2610.0,3.0,1.0,2.0,1,0,1,0,0,0.0,1,False,False,True,False,3430000.0
78,6930.0,4.0,1.0,2.0,0,0,0,0,0,1.0,0,True,False,False,False,3773000.0
273,4050.0,2.0,1.0,2.0,1,1,1,0,0,0.0,1,False,False,True,False,3990000.0
364,6000.0,3.0,1.0,2.0,1,0,0,0,1,1.0,0,False,False,True,False,7350000.0
336,8050.0,2.0,1.0,1.0,1,0,0,0,0,0.0,0,False,False,True,False,3003000.0
218,3600.0,3.0,1.0,2.0,0,0,0,0,0,1.0,0,False,False,True,False,2940000.0
373,6601.0,4.0,3.0,2.0,1,1,1,0,1,1.0,1,False,False,True,False,9100000.0
108,6300.0,3.0,1.0,1.0,1,0,0,0,1,0.0,0,False,True,False,False,4900000.0
629,6551.0,4.0,2.0,2.0,1,0,0,0,1,1.0,1,False,True,False,False,9310000.0
466,6000.0,3.0,1.0,1.0,1,0,0,0,0,2.0,0,True,False,False,False,3773000.0
46,5800.0,3.0,1.0,1.0,1,0,0,1,0,2.0,0,True,False,False,False,4200000.0
605,3180.0,3.0,1.0,2.0,0,0,1,0,0,0.0,0,False,True,False,False,3640000.0
569,2700.0,3.0,1.0,1.0,0,0,0,0,0,0.0,0,True,False,False,False,3353000.0
25,4600.0,2.0,1.0,1.0,1,0,0,0,0,0.0,0,True,False,False,False,3010000.0
101,6550.0,3.0,1.0,2.0,1,0,1,0,1,0.0,1,True,False,False,False,7875000.0
58,4880.0,4.0,3.0,2.0,1,0,0,0,1,1.0,1,True,False,False,False,8295000.0
805,6421.0,3.0,3.0,2.0,1,0,0,0,1,1.0,1,False,True,False,False,8855000.0
127,3600.0,2.0,1.0,1.0,1,0,0,0,0,0.0,0,False,True,False,False,3780000.0
634,4815.0,2.0,1.0,1.0,1,0,0,0,1,0.0,0,False,True,False,False,4830000.0
493,2870.0,2.0,1.0,2.0,1,1,1,0,0,0.0,1,False,True,False,False,4620000.0
416,4301.0,3.0,2.0,2.0,1,0,1,0,0,1.0,0,False,False,True,False,7455000.0
372,6421.0,3.0,3.0,2.0,1,0,0,0,1,1.0,1,False,False,False,True,8855000.0
470,4770.0,3.0,1.0,2.0,1,1,1,0,0,0.0,0,False,True,False,False,4900000.0
49,3240.0,3.0,1.0,2.0,1,0,0,0,0,2.0,0,False,True,False,False,3010000.0
653,6600.0,4.0,3.0,2.0,1,1,1,0,1,1.0,1,False,False,True,False,9100000.0
113,6000.0,3.0,2.0,3.0,1,0,0,0,1,0.0,0,False,True,False,False,7560000.0
172,2650.0,3.0,1.0,2.0,1,0,1,0,0,1.0,0,False,False,True,False,2800000.0
710,5000.0,3.0,1.0,2.0,1,0,0,0,1,0.0,0,False,True,False,False,6440000.0
319,3300.0,3.0,1.0,2.0,0,0,0,0,0,1.0,0,False,True,False,False,2835000.0
129,2145.0,3.0,1.0,3.0,1,0,0,0,0,1.0,1,False,False,True,False,4200000.0
111,3520.0,2.0,2.0,1.0,1,0,1,0,0,0.0,0,False,True,False,False,3640000.0
304,3000.0,3.0,1.0,2.0,1,0,1,0,1,0.0,0,False,True,False,False,4900000.0
701,6001.0,3.0,2.0,4.0,1,1,0,0,1,1.0,0,True,False,False,False,7210000.0
106,6800.0,2.0,1.0,1.0,1,1,1,0,0,2.0,0,True,False,False,False,6020000.0
74,4046.0,3.0,1.0,2.0,1,0,1,0,0,1.0,0,False,True,False,False,4165000.0
3,1700.0,3.0,1.0,2.0,1,0,0,0,0,0.0,0,False,False,True,False,1890000.0
17,4520.0,3.0,1.0,2.0,1,0,1,0,1,0.0,0,False,True,False,False,4900000.0
76,8400.0,3.0,1.0,2.0,1,1,1,0,1,2.0,1,False,False,True,False,5250000.0
804,4000.0,3.0,1.0,2.0,1,0,0,0,1,0.0,0,False,False,True,False,2653000.0
54,11440.0,4.0,1.0,2.0,1,0,1,0,0,1.0,1,False,True,False,False,7343000.0
294,5885.0,2.0,1.0,1.0,1,0,0,0,1,1.0,0,False,False,True,False,4480000.0
769,3500.0,4.0,1.0,2.0,1,0,0,0,0,2.0,0,True,False,False,False,4340000.0
275,4320.0,3.0,2.0,2.0,1,0,1,1,0,2.0,0,False,True,False,False,8750000.0
148,3000.0,2.0,1.0,1.0,0,0,0,0,0,0.0,0,False,False,True,False,2135000.0
721,5850.0,3.0,1.0,2.0,1,0,1,0,0,1.0,0,False,False,True,False,2940000.0
35,9800.0,4.0,2.0,2.0,1,1,0,0,0,2.0,0,False,True,False,False,5250000.0
42,1836.0,2.0,1.0,1.0,0,0,1,0,0,0.0,0,False,True,False,False,2275000.0
704,7950.0,5.0,2.0,2.0,1,0,1,1,0,2.0,0,False,False,True,False,8400000.0
542,3240.0,4.0,1.0,3.0,1,0,0,0,0,1.0,0,False,True,False,False,6107500.0
671,6000.0,3.0,2.0,3.0,1,1,0,0,1,0.0,0,True,False,False,False,6650000.0
504,3040.0,2.0,1.0,1.0,0,0,0,0,0,0.0,0,False,False,True,False,2870000.0
367,6000.0,2.0,1.0,1.0,1,0,0,0,0,0.0,0,False,False,True,False,2590000.0
728,6000.0,3.0,2.0,4.0,1,0,0,0,1,0.0,0,False,True,False,False,6580000.0
262,6060.0,3.0,1.0,1.0,1,1,1,0,0,0.0,0,True,False,False,False,3290000.0
397,4960.0,2.0,1.0,1.0,1,0,1,0,1,0.0,0,False,False,False,True,3080000.0
