,area,bedrooms,bathrooms,stories,mainroad,guestroom,basement,hot_water_heating,airconditioning,parking,prefarea,furnishing_status_furnished,furnishing_status_semi-furnished,furnishing_status_unfurnished,furnishing_status_unknown
501,3800.0,3.0,1.0,2.0,1,1,1,0,0,1.0,1,False,False,True,False
442,8801.0,3.0,2.0,2.0,1,0,0,0,1,2.0,0,True,False,False,False
37,6400.0,3.0,1.0,1.0,1,1,1,0,1,1.0,1,False,True,False,False
88,6670.0,3.0,1.0,3.0,1,0,1,0,0,0.0,1,False,False,True,False
656,3540.0,2.0,1.0,1.0,0,1,1,0,0,0.0,0,False,True,False,False
362,7155.0,3.0,1.0,2.0,1,1,1,0,1,2.0,0,False,False,True,False
748,3620.0,2.0,1.0,1.0,1,0,0,0,0,0.0,0,False,False,True,False
259,7475.0,3.0,1.0,4.0,1,0,0,0,1,2.0,0,False,False,True,False
777,6541.0,4.0,3.0,2.0,1,1,1,0,1,2.0,1,True,False,False,False
110,7681.0,4.0,2.0,4.0,1,1,0,0,1,1.0,0,False,True,False,False
628,6000.0,4.0,2.0,4.0,1,0,0,0,0,1.0,0,False,True,False,False
260,6900.0,3.0,1.0,1.0,1,1,1,0,0,0.0,1,False,True,False,False
284,5751.0,3.0,2.0,4.0,1,1,0,0,1,1.0,1,False,False,True,False
214,7424.0,3.0,1.0,1.0,0,0,0,0,0,0.0,0,False,False,True,False
487,6000.0,4.0,3.0,2.0,1,0,0,0,1,1.0,1,False,False,False,True
458,3990.0,3.0,1.0,2.0,1,0,0,0,0,0.0,0,False,True,False,False
99,5360.0,3.0,1.0,2.0,1,0,0,0,0,2.0,1,False,False,True,False
558,3660.0,3.0,1.0,2.0,0,0,0,0,0,0.0,0,False,False,True,False
175,8100.0,2.0,1.0,1.0,1,0,0,0,0,1.0,0,False,False,True,False
311,4100.0,3.0,2.0,3.0,1,0,0,0,1,2.0,0,False,True,False,False
778,3520.0,3.0,1.0,2.0,1,0,0,0,0,0.0,1,False,True,False,False
177,2000.0,2.0,1.0,2.0,1,0,0,0,0,0.0,0,False,True,False,False
339,3300.0,3.0,3.0,2.0,1,0,1,0,0,0.0,0,False,True,False,False
759,3480.0,3.0,1.0,1.0,0,0,0,0,1,0.0,0,False,False,True,False
288,3180.0,4.0,2.0,2.0,1,0,0,0,0,0.0,0,True,False,False,False
806,3750.0,3.0,1.0,2.0,1,0,0,0,0,0.0,0,False,False,True,False
642,6600.0,3.0,1.0,1.0,1,1,1,0,0,2.0,1,False,True,False,False
126,3960.0,3.0,1.0,1.0,1,0,0,0,0,0.0,0,True,False,False,False
438,8000.0,3.0,1.0,1.0,1,1,1,0,1,2.0,1,False,True,False,False
56,5200.0,3.0,1.0,3.0,1,0,0,0,1,0.0,0,False,True,False,False
133,4050.0,2.0,1.0,1.0,1,0,0,0,0,0.0,0,True,False,False,False
109,2910.0,2.0,1.0,1.0,0,0,0,0,0,0.0,0,False,False,True,False
392,7420.0,4.0,1.0,2.0,1,1,1,0,1,2.0,0,True,False,False,False
788,7801.0,3.0,2.0,2.0,1,0,0,0,0,0.0,1,False,True,False,False
751,10500.0,3.0,2.0,1.0,1,0,1,0,1,1.0,1,True,False,False,False
206,13200.0,2.0,1.0,1.0,1,0,1,1,0,1.0,0,True,False,False,False
800,3600.0,3.0,1.0,1.0,1,0,1,0,1,0.0,1,True,False,False,False
674,5000.0,3.0,1.0,4.0,1,0,0,0,0,0.0,0,True,False,False,False
670,6720.0,3.0,1.0,1.0,1,0,0,0,0,0.0,0,False,False,True,False
70,3930.0,2.0,1.0,1.0,0,0,0,0,0,0.0,0,False,False,True,False
164,5400.0,4.0,1.0,2.0,1,0,0,0,0,0.0,0,False,True,False,False
404,3000.0,3.0,1.0,2.0,1,0,1,0,0,0.0,0,False,False,True,False
201,6450.0,3.0,2.0,1.0,1,1,1,1,0,0.0,0,False,False,True,False
34,2475.0,3.0,1.0,2.0,1,0,0,0,0,0.0,0,True,False,False,False
118,7483.0,3.0,3.0,3.0,1,0,0,1,0,1.0,1,True,False,False,False
518,5000.0,3.0,1.0,3.0,1,0,0,0,1,0.0,0,False,True,False,False
482,2400.0,3.0,1.0,2.0,1,0,0,0,0,0.0,0,False,False,True,False
278,6100.0,3.0,1.0,3.0,1,1,0,0,1,0.0,1,False,True,False,False
668,16200.0,3.0,3.0,2.0,1,0,0,0,0,0.0,0,False,False,True,False
357,3630.0,2.0,1.0,1.0,1,0,1,0,0,0.0,0,True,False,False,False
181,8400.0,4.0,1.0,2.0,1,0,0,0,0,3.0,0,False,False,True,False
676,4500.0,2.0,1.0,1.0,0,0,0,0,0,0.0,0,False,True,False,False
426,6000.0,3.0,2.0,2.0,1,1,0,0,1,1.0,0,False,True,False,False
650,2398.0,3.0,1.0,1.0,1,0,0,0,0,0.0,1,False,True,False,False
553,5880.0,3.0,1.0,1.0,1,0,0,0,0,1.0,0,False,False,True,False
602,4040.0,2.0,1.0,1.0,1,0,0,0,0,1.0,0,False,False,True,False
69,3792.0,4.0,1.0,2.0,1,0,0,0,0,0.0,0,False,True,False,False
22,4560.0,3.0,3.0,2.0,1,1,1,0,1,1.0,0,True,False,False,False
771,5020.0,3.0,1.0,4.0,1,0,0,0,1,0.0,1,False,False,True,False
343,3450.0,1.0,1.0,1.0,1,0,0,0,0,0.0,0,True,False,False,False
746,15600.0,3.0,1.0,1.0,1,0,0,0,1,2.0,0,False,True,False,False
573,4601.0,3.0,2.0,2.0,1,1,0,0,1,2.0,0,True,False,False,False
644,6600.0,3.0,2.0,2.0,1,1,1,0,1,1.0,1,False,False,True,False
604,4160.0,3.0,1.0,3.0,1,0,0,0,0,0.0,0,False,False,True,False
223,6600.0,2.0,2.0,4.0,1,0,1,0,0,0.0,1,True,False,False,False
45,2430.0,3.0,1.0,1.0,0,0,0,0,0,0.0,0,False,False,True,False
212,4360.0,4.0,1.0,2.0,1,0,0,0,0,0.0,0,True,False,False,False
255,6540.0,4.0,2.0,2.0,1,1,1,0,1,2.0,1,True,False,False,False
291,3512.0,2.0,1.0,1.0,1,0,0,0,0,1.0,1,False,False,True,False
654,6420.0,3.0,2.0,3.0,1,0,0,0,1,0.0,1,True,False,False,False
646,4800.0,2.0,1.0,1.0,1,1,0,0,0,0.0,0,False,False,False,True
130,6420.0,3.0,3.0,2.0,1,0,0,0,1,1.0,1,False,True,False,False
792,8580.0,5.0,3.0,2.0,1,0,0,0,0,2.0,0,True,False,False,False
82,3120.0,3.0,1.0,2.0,0,0,0,0,0,0.0,0,True,False,False,False
346,4100.0,2.0,2.0,1.0,1,1,1,0,0,0.0,0,False,True,False,False
612,5040.0,3.0,1.0,2.0,1,0,1,0,1,0.0,0,False,False,True,False
492,7440.0,3.0,2.0,4.0,1,0,0,0,0,1.0,1,False,False,True,False
21,2800.0,3.0,1.0,1.0,1,0,0,0,0,0.0,0,False,False,True,False
0,4990.0,4.0,2.0,2.0,1,1,1,0,0,0.0,1,True,False,False,False
793,7000.0,3.0,1.0,2.0,1,0,1,0,0,0.0,0,False,False,True,False
334,2787.0,4.0,2.0,2.0,1,0,0,0,0,0.0,0,True,False,False,False
383,3650.0,3.0,1.0,2.0,1,0,0,0,0,0.0,0,False,False,True,False
515,3000.0,2.0,1.0,2.0,1,0,0,0,1,0.0,0,True,False,False,False
80,4130.0,3.0,2.0,2.0,1,0,0,0,0,2.0,0,False,True,False,False
233,3450.0,3.0,1.0,1.0,1,0,1,0,0,2.0,0,False,False,True,False
414,8800.0,3.0,2.0,2.0,1,0,0,0,1,2.0,0,True,False,False,False
23,6541.0,4.0,2.0,2.0,1,1,1,0,1,2.0,1,True,False,False,False
531,3630.0,3.0,1.0,2.0,1,0,0,0,0,2.0,0,False,True,False,False
63,6840.0,5.0,1.0,2.0,1,1,1,0,1,1.0,0,True,False,False,False
672,6600.0,3.0,1.0,4.0,1,0,0,0,1,3.0,1,True,False,False,False
580,3410.0,3.0,1.0,2.0,0,0,0,0,0,0.0,0,False,True,False,False
264,4500.0,3.0,2.0,2.0,0,0,1,0,1,0.0,0,False,True,False,False
298,2700.0,2.0,1.0,1.0,0,0,0,0,0,0.0,0,True,False,False,False
195,6001.0,4.0,2.0,2.0,1,0,1,0,0,2.0,0,False,True,False,False
472,6480.0,3.0,2.0,4.0,1,0,0,0,1,2.0,0,False,False,True,False
208,10360.0,2.0,1.0,1.0,1,0,0,0,0,1.0,1,False,True,False,False
795,6001.0,3.0,1.0,4.0,1,1,0,0,1,2.0,0,False,False,True,False
465,6615.0,3.0,1.0,2.0,1,0,0,0,0,0.0,0,False,True,False,False
638,3150.0,2.0,2.0,1.0,0,0,1,0,0,0.0,0,False,True,False,False
36,6100.0,3.0,1.0,1.0,1,0,1,0,0,0.0,1,False,False,False,True
66,8400.0,4.0,1.0,4.0,1,0,0,0,0,3.0,0,False,False,True,False
729,6000.0,2.0,1.0,1.0,1,0,0,0,0,0.0,0,True,False,False,False
142,8520.0,3.0,1.0,1.0,1,0,0,0,1,2.0,0,True,False,False,False
299,7000.0,3.0,1.0,1.0,1,0,0,0,0,3.0,0,True,False,False,False
591,6240.0,4.0,2.0,2.0,1,0,0,0,1,1.0,0,True,False,False,False
707,3000.0,3.0,1.0,2.0,1,0,0,0,0,0.0,0,False,True,False,False
681,7800.0,3.0,3.0,2.0,1,0,0,0,0,0.0,1,False,True,False,False
140,5450.0,4.0,2.0,1.0,1,0,1,0,1,0.0,1,False,True,False,False
200,3480.0,3.0,1.0,2.0,0,0,0,0,0,1.0,0,False,True,False,False
714,6000.0,4.0,2.0,4.0,1,0,0,0,1,1.0,0,True,False,False,False
234,10700.0,3.0,1.0,2.0,1,1,1,0,0,0.0,0,False,True,False,False
95,6000.0,4.0,1.0,2.0,1,0,1,0,0,2.0,0,False,True,False,False
505,4000.0,3.0,2.0,2.0,1,0,1,0,1,0.0,1,False,True,False,False
490,2400.0,3.0,1.0,1.0,1,0,0,0,0,0.0,0,False,True,False,False
500,6001.0,3.0,2.0,4.0,1,1,1,0,1,0.0,1,False,True,False,False
555,7420.0,3.0,1.0,2.0,1,1,0,0,1,2.0,0,True,False,False,False
548,7475.0,3.0,3.0,4.0,1,0,0,0,1,2.0,0,False,False,True,False
559,2500.0,2.0,1.0,1.0,0,0,0,0,1,0.0,0,False,False,True,False
86,7440.0,3.0,2.0,4.0,1,0,0,0,0,1.0,0,False,False,True,False
107,4000.0,3.0,1.0,2.0,1,0,1,0,1,0.0,1,False,True,False,False
787,11460.0,3.0,1.0,3.0,1,0,0,0,0,2.0,1,False,True,False,False
578,4960.0,2.0,1.0,1.0,1,0,1,0,1,0.0,0,False,False,True,False
480,3520.0,3.0,1.0,1.0,1,0,0,0,0,0.0,1,False,True,False,False
226,3640.0,2.0,1.0,1.0,1,0,0,0,0,0.0,0,False,False,True,False
165,7001.0,3.0,2.0,4.0,1,0,0,0,1,2.0,0,False,True,False,False
26,3960.0,3.0,1.0,2.0,1,0,0,0,0,0.0,0,True,False,False,False
655,6420.0,3.0,1.0,3.0,1,0,1,0,0,0.0,1,False,False,True,False
428,3640.0,3.0,1.0,2.0,1,0,0,0,1,0.0,0,True,False,False,False
266,2970.0,3.0,1.0,3.0,1,0,0,0,0,0.0,0,False,True,False,False
499,6450.0,4.0,1.0,2.0,1,0,0,0,0,0.0,0,False,True,False,False
782,3480.0,2.0,1.0,1.0,1,0,0,0,0,0.0,1,False,True,False,False
736,8500.0,3.0,2.0,4.0,1,0,0,0,1,2.0,0,True,False,False,False
429,4840.0,3.0,1.0,2.0,1,0,0,0,0,1.0,0,False,True,False,False
65,8051.0,3.0,1.0,1.0,1,1,1,0,1,1.0,0,True,False,False,False
412,5960.0,3.0,1.0,2.0,1,1,1,0,0,0.0,0,False,False,True,False
394,8881.0,2.0,1.0,1.0,1,0,0,0,1,1.0,0,False,True,False,False
322,6361.0,3.0,2.0,3.0,1,0,0,0,1,2.0,1,True,False,False,False
544,7686.0,3.0,1.0,1.0,1,1,1,1,0,0.0,0,False,True,False,False
507,7441.0,3.0,2.0,1.0,1,1,1,0,1,0.0,1,False,True,False,False
405,2880.0,3.0,1.0,2.0,1,0,0,0,0,0.0,1,False,True,False,False
731,7085.0,3.0,1.0,1.0,1,1,1,0,0,2.0,1,False,True,False,False
639,8372.0,3.0,1.0,3.0,1,0,0,0,1,2.0,0,False,False,True,False
349,3185.0,2.0,1.0,1.0,1,0,0,0,0,2.0,0,False,False,True,False
296,3500.0,2.0,1.0,1.0,1,1,0,0,0,0.0,0,False,False,True,False
122,5880.0,2.0,1.0,1.0,1,0,0,0,0,0.0,0,False,False,True,False
135,3850.0,3.0,1.0,2.0,1,0,0,0,0,0.0,0,False,False,True,False
47,2850.0,3.0,2.0,2.0,0,0,1,0,0,0.0,1,False,False,True,False
535,4600.0,3.0,2.0,2.0,1,0,0,0,1,1.0,0,False,True,False,False
68,3000.0,3.0,1.0,1.0,0,0,0,0,1,0.0,0,False,False,True,False
556,4800.0,5.0,2.0,3.0,0,0,1,1,0,0.0,0,False,False,True,False
712,6540.0,3.0,1.0,1.0,1,1,1,0,0,2.0,1,True,False,False,False
377,5500.0,3.0,2.0,2.0,1,0,0,0,0,1.0,0,False,True,False,False
197,7350.0,2.0,1.0,1.0,1,0,0,0,0,1.0,0,False,True,False,False
572,3500.0,4.0,1.0,2.0,1,0,0,0,1,2.0,0,False,False,True,False
280,6000.0,4.0,4.0,2.0,1,1,1,1,0,2.0,0,False,True,False,False
651,6825.0,3.0,1.0,1.0,1,1,1,0,1,0.0,1,False,True,False,False
489,4500.0,2.0,1.0,1.0,1,0,0,0,1,2.0,0,True,False,False,False
767,3520.0,2.0,1.0,2.0,1,0,0,0,0,0.0,1,True,False,False,False
321,4095.0,3.0,1.0,2.0,0,1,1,0,1,0.0,0,False,True,False,False
641,6500.0,3.0,2.0,3.0,1,0,0,0,1,0.0,1,True,False,False,False
722,3185.0,2.0,1.0,1.0,1,0,0,0,1,0.0,0,False,False,True,False
238,4770.0,3.0,1.0,1.0,1,1,1,0,0,0.0,0,False,True,False,False
434,6601.0,4.0,2.0,2.0,1,1,1,0,1,1.0,1,False,False,True,False
386,9000.0,3.0,1.0,2.0,1,0,0,0,0,2.0,0,False,True,False,False
589,3720.0,2.0,1.0,1.0,0,0,0,0,1,0.0,0,False,False,True,False
514,2856.0,3.0,1.0,3.0,1,0,0,0,0,0.0,1,True,False,False,False
640,3180.0,3.0,2.0,2.0,1,0,0,0,0,2.0,0,False,True,False,False
417,6525.0,3.0,2.0,4.0,1,0,0,0,0,1.0,0,True,False,False,False
421,7476.0,3.0,3.0,4.0,1,0,0,0,1,2.0,0,False,False,True,False
688,8050.0,3.0,2.0,1.0,1,1,1,0,1,1.0,0,True,False,False,False
18,9166.0,2.0,1.0,1.0,1,0,1,0,1,2.0,0,False,True,False,False
28,3000.0,2.0,1.0,2.0,1,0,0,0,0,0.0,0,False,True,False,False
390,3570.0,3.0,1.0,2.0,1,0,1,0,0,0.0,0,False,True,False,False
696,4800.0,3.0,2.0,4.0,1,1,0,0,1,0.0,0,True,False,False,False
520,2145.0,3.0,1.0,2.0,1,0,1,0,0,0.0,1,True,False,False,False
665,5500.0,4.0,1.0,2.0,1,1,1,0,0,0.0,0,False,True,False,False
237,3460.0,3.0,2.0,1.0,1,0,1,0,1,1.0,0,True,False,False,False
551,4320.0,3.0,1.0,1.0,0,0,0,0,0,1.0,0,False,False,True,False
516,3000.0,2.0,1.0,2.0,1,0,0,0,0,0.0,0,True,False,False,False
194,3850.0,3.0,1.0,1.0,1,0,0,0,0,2.0,0,False,False,True,False
297,4080.0,2.0,1.0,1.0,1,0,0,0,0,0.0,0,False,True,False,False
494,5500.0,3.0,1.0,3.0,1,0,0,0,0,1.0,1,False,False,False,True
752,6421.0,3.0,2.0,2.0,1,0,0,0,1,1.0,1,False,True,False,False
98,6670.0,3.0,1.0,3.0,1,0,1,0,0,0.0,1,True,False,False,False
455,3480.0,2.0,1.0,1.0,1,0,0,0,0,0.0,0,False,True,False,False
244,7441.0,3.0,2.0,4.0,1,0,0,0,0,1.0,1,False,False,True,False
471,4800.0,3.0,1.0,4.0,1,1,0,0,1,0.0,0,True,False,False,False
738,4320.0,3.0,1.0,1.0,1,0,0,0,0,0.0,1,False,True,False,False
779,5850.0,2.0,1.0,1.0,1,1,1,0,0,2.0,0,False,True,False,False
621,6000.0,4.0,3.0,2.0,1,1,1,1,0,2.0,0,False,True,False,False
310,3210.0,3.0,1.0,2.0,1,0,1,0,0,0.0,0,False,False,True,False
543,5961.0,3.0,4.0,2.0,1,1,1,0,0,1.0,0,True,False,False,False
662,7160.0,3.0,1.0,1.0,1,0,1,0,0,2.0,1,False,False,True,False
582,4500.0,4.0,2.0,2.0,1,0,1,0,0,2.0,0,True,False,False,False
700,7001.0,3.0,1.0,4.0,1,0,0,0,1,2.0,0,False,True,False,False
188,8400.0,2.0,1.0,1.0,1,0,0,0,0,1.0,0,True,False,False,False
160,5300.0,4.0,2.0,1.0,1,0,0,0,1,0.0,1,False,False,True,False
236,4120.0,2.0,1.0,1.0,1,0,1,0,0,1.0,0,False,True,False,False
687,3450.0,3.0,1.0,2.0,1,0,1,0,0,1.0,0,False,True,False,False
495,5136.0,3.0,1.0,2.0,1,1,1,0,1,0.0,1,False,False,True,False
617,3000.0,4.0,1.0,2.0,1,0,0,0,0,0.0,0,False,False,True,False
81,4632.0,4.0,1.0,2.0,1,0,0,0,1,0.0,0,False,True,False,False
189,3510.0,3.0,1.0,3.0,1,0,0,0,0,0.0,0,False,True,False,False
313,6040.0,3.0,1.0,1.0,1,0,0,0,0,2.0,1,False,True,False,False
125,3649.0,2.0,1.0,2.0,1,0,0,0,0,0.0,0,False,False,False,True
420,5500.0,3.0,1.0,2.0,1,0,0,0,1,0.0,0,False,False,True,False
717,3350.0,3.0,1.0,2.0,1,0,0,0,0,0.0,0,False,False,True,False
323,2145.0,3.0,1.0,3.0,1,0,0,0,0,0.0,1,True,False,False,False
263,8050.0,3.0,1.0,1.0,1,1,1,0,1,1.0,0,True,False,False,False
570,2520.0,5.0,2.0,1.0,0,0,1,0,1,1.0,0,True,False,False,False
145,16200.0,5.0,3.0,2.0,1,0,0,0,0,0.0,0,False,False,True,False
375,6440.0,2.0,1.0,1.0,1,0,0,0,1,3.0,0,False,True,False,False
337,7440.0,3.0,2.0,1.0,1,1,1,0,1,0.0,1,False,True,False,False
530,9500.0,3.0,1.0,2.0,1,0,0,0,0,3.0,1,False,False,True,False
691,4600.0,2.0,2.0,1.0,1,0,0,0,1,2.0,0,False,True,False,False
541,7000.0,3.0,1.0,4.0,1,0,0,0,1,2.0,0,False,True,False,False
775,4400.0,2.0,1.0,1.0,1,0,0,0,0,0.0,0,False,False,True,False
603,7701.0,3.0,2.0,1.0,1,0,0,0,0,2.0,0,False,False,True,False
481,3640.0,2.0,1.0,1.0,1,0,0,0,0,1.0,0,False,True,False,False
209,4775.0,4.0,1.0,2.0,1,0,0,0,0,0.0,0,False,False,True,False
439,7156.0,3.0,3.0,1.0,1,1,1,0,1,2.0,0,False,False,True,False
344,6481.0,3.0,2.0,4.0,1,0,0,0,1,2.0,0,False,False,True,False
90,5450.0,2.0,1.0,1.0,1,0,0,0,0,0.0,0,True,False,False,False
632,7482.0,3.0,3.0,3.0,1,0,0,1,0,1.0,1,True,False,False,False
606,3800.0,2.0,1.0,1.0,1,0,0,0,0,0.0,0,False,False,True,False
52,7000.0,3.0,3.0,4.0,1,0,0,0,1,2.0,0,True,False,False,False
72,6001.0,4.0,2.0,4.0,1,0,0,0,1,1.0,0,False,True,False,False
309,4600.0,3.0,2.0,2.0,1,1,0,0,1,2.0,0,True,False,False,False
250,3640.0,2.0,1.0,1.0,1,0,0,0,0,0.0,0,False,False,True,False
305,2640.0,2.0,1.0,1.0,0,0,0,0,0,1.0,0,True,False,False,False
316,7320.0,4.0,2.0,2.0,1,0,0,0,0,0.0,0,True,False,False,False
257,6000.0,3.0,1.0,4.0,1,1,0,0,1,2.0,0,False,False,True,False
631,3500.0,2.0,1.0,1.0,0,0,1,0,0,0.0,0,False,True,False,False
564,7770.0,2.0,1.0,1.0,1,0,0,0,0,1.0,0,True,False,False,False
478,4500.0,3.0,1.0,1.0,1,0,1,0,0,0.0,0,True,False,False,False
279,4200.0,3.0,1.0,2.0,1,0,0,0,0,1.0,0,True,False,False,False
225,6551.0,3.0,1.0,2.0,1,0,1,0,1,0.0,1,True,False,False,False
649,5750.0,3.0,2.0,4.0,1,1,0,0,1,1.0,1,False,False,True,False
699,5320.0,3.0,1.0,2.0,1,1,1,0,0,0.0,1,False,True,False,False
29,5900.0,4.0,2.0,2.0,0,0,1,0,0,1.0,0,False,False,True,False
277,12944.0,3.0,1.0,1.0,1,0,0,0,0,0.0,0,False,False,True,False
91,2145.0,4.0,2.0,1.0,1,0,1,0,0,0.0,1,False,False,True,False
281,5720.0,2.0,1.0,2.0,1,0,0,0,1,0.0,1,False,False,True,False
247,6060.0,2.0,1.0,1.0,1,0,1,0,0,1.0,0,False,True,False,False
199,8080.0,3.0,1.0,1.0,1,0,0,0,1,2.0,0,False,True,False,False
249,8250.0,3.0,2.0,3.0,1,0,0,0,1,0.0,0,True,False,False,False
217,4601.0,3.0,3.0,2.0,1,1,0,0,1,2.0,0,True,False,False,False
545,6001.0,4.0,4.0,2.0,1,1,1,1,0,2.0,0,False,True,False,False
463,5150.0,3.0,2.0,4.0,1,0,0,0,1,2.0,0,False,True,False,False
401,3420.0,4.0,2.0,2.0,1,0,0,0,0,0.0,0,False,True,False,False
391,5750.0,3.0,3.0,4.0,1,1,0,0,1,1.0,1,False,False,True,False
378,4000.0,2.0,1.0,1.0,1,0,0,0,0,0.0,1,False,True,False,False
39,6000.0,4.0,2.0,4.0,1,0,0,0,1,0.0,0,False,False,True,False
658,4100.0,2.0,2.0,1.0,1,1,1,0,0,0.0,0,False,False,False,True
149,3420.0,4.0,2.0,2.0,1,0,1,0,1,2.0,0,False,True,False,False
528,3630.0,4.0,1.0,2.0,1,0,0,0,0,3.0,0,False,True,False,False
586,6001.0,3.0,1.0,2.0,1,0,0,0,1,1.0,0,False,False,True,False
565,4040.0,2.0,1.0,1.0,1,0,0,0,0,0.0,0,False,False,True,False
803,3520.0,3.0,1.0,1.0,1,0,0,0,0,2.0,1,False,False,True,False
326,9860.0,3.0,1.0,1.0,1,0,0,0,0,0.0,0,False,True,False,False
317,6001.0,3.0,2.0,4.0,1,0,0,0,1,1.0,0,True,False,False,False
211,2880.0,3.0,1.0,1.0,0,0,0,0,0,0.0,0,False,False,True,False
524,3162.0,3.0,1.0,2.0,1,0,0,0,1,1.0,0,True,False,False,False
441,7020.0,3.0,1.0,1.0,1,0,1,0,1,0.0,1,False,True,False,False
415,9000.0,3.0,1.0,2.0,1,0,1,0,0,1.0,1,True,False,False,False
637,7000.0,3.0,1.0,1.0,1,0,1,0,0,2.0,1,False,True,False,False
491,5828.0,4.0,1.0,4.0,1,1,0,0,0,0.0,0,False,True,False,False
757,3500.0,4.0,2.0,2.0,1,0,0,1,0,2.0,0,True,False,False,False
755,4000.0,4.0,2.0,2.0,0,0,0,0,0,0.0,0,False,True,False,False
724,5400.0,2.0,1.0,2.0,1,0,0,0,0,0.0,1,False,True,False,False
601,5151.0,3.0,2.0,4.0,1,0,0,0,1,2.0,0,False,True,False,False
595,6840.0,5.0,2.0,2.0,1,1,1,0,1,1.0,0,True,False,False,False
267,4600.0,3.0,3.0,2.0,1,1,0,0,1,2.0,0,True,False,False,False
607,6360.0,3.0,2.0,4.0,1,0,0,0,1,0.0,1,True,False,False,False
351,3120.0,3.0,1.0,2.0,0,0,0,1,0,0.0,0,False,True,False,False
734,6000.0,4.0,2.0,4.0,1,0,0,0,0,2.0,0,False,True,False,False
121,5400.0,3.0,1.0,1.0,1,0,0,0,0,3.0,0,False,True,False,False
27,7155.0,3.0,2.0,1.0,1,1,1,0,1,2.0,0,False,False,True,False
44,8880.0,2.0,1.0,1.0,1,0,0,0,1,1.0,0,False,True,False,False
342,6000.0,3.0,2.0,4.0,1,0,0,0,1,0.0,0,False,False,True,False
100,3420.0,2.0,1.0,2.0,1,0,0,1,0,1.0,0,False,True,False,False
483,10240.0,2.0,1.0,1.0,1,0,0,0,1,2.0,1,False,False,True,False
30,3934.0,2.0,1.0,1.0,1,0,0,0,0,0.0,0,False,False,True,False
615,3410.0,3.0,1.0,2.0,0,0,0,0,1,0.0,0,False,True,False,False
469,4410.0,4.0,3.0,2.0,1,0,1,0,0,2.0,0,False,True,False,False
567,6750.0,2.0,1.0,1.0,1,1,1,0,0,2.0,1,True,False,False,False
252,3460.0,4.0,1.0,2.0,1,0,0,0,1,0.0,0,False,True,False,False
163,4800.0,3.0,1.0,3.0,1,0,0,0,1,0.0,0,False,False,True,False
213,6000.0,3.0,2.0,4.0,1,1,0,0,1,1.0,0,True,False,False,False
318,7951.0,5.0,3.0,2.0,1,0,1,1,0,2.0,0,False,False,True,False
611,4815.0,2.0,1.0,1.0,1,0,0,0,1,0.0,1,False,True,False,False
268,4300.0,3.0,2.0,2.0,1,0,1,0,0,1.0,0,False,False,True,False
437,5700.0,3.0,1.0,1.0,1,1,1,0,1,2.0,1,True,False,False,False
540,8880.0,3.0,2.0,2.0,1,0,1,0,1,1.0,0,True,False,False,False
292,7410.0,3.0,1.0,1.0,1,1,1,0,1,2.0,1,False,False,True,False
475,4510.0,4.0,1.0,2.0,1,0,0,0,1,2.0,0,False,True,False,False
41,7483.0,3.0,2.0,3.0,1,0,0,1,0,1.0,1,True,False,False,False
599,6000.0,4.0,1.0,3.0,1,1,1,0,0,0.0,1,False,False,True,False
371,6420.0,3.0,1.0,1.0,1,0,1,0,1,0.0,1,True,False,False,False
648,3816.0,2.0,1.0,1.0,1,0,1,0,1,2.0,0,True,False,False,False
576,5300.0,5.0,2.0,2.0,1,0,0,0,0,0.0,0,False,True,False,False
120,4120.0,2.0,1.0,2.0,1,0,0,0,0,0.0,0,False,False,True,False
123,3185.0,2.0,1.0,1.0,1,0,1,0,0,2.0,0,True,False,False,False
645,3150.0,3.0,1.0,2.0,1,0,1,0,0,0.0,0,True,False,False,False
496,4820.0,3.0,1.0,2.0,1,0,0,0,0,0.0,0,False,True,False,False
454,5800.0,3.0,2.0,4.0,1,0,0,0,1,0.0,0,False,False,True,False
685,6841.0,5.0,2.0,2.0,1,1,1,0,1,1.0,0,True,False,False,False
359,3660.0,4.0,1.0,2.0,0,0,0,0,0,0.0,0,False,False,True,False
92,3760.0,3.0,1.0,1.0,1,0,0,0,0,2.0,0,False,True,False,False
79,4881.0,4.0,2.0,2.0,1,0,0,0,1,0.0,1,True,False,False,False
228,5010.0,3.0,1.0,2.0,1,0,1,0,0,0.0,0,False,True,False,False
785,4040.0,3.0,1.0,2.0,1,0,1,1,0,1.0,0,True,False,False,False
675,6000.0,2.0,1.0,1.0,1,0,0,1,0,1.0,0,True,False,False,False
186,3180.0,3.0,1.0,1.0,0,0,0,0,0,0.0,0,False,False,True,False
193,3400.0,3.0,1.0,2.0,1,0,1,0,0,2.0,1,False,True,False,False
762,7420.0,4.0,2.0,3.0,1,0,0,0,1,2.0,1,False,False,False,True
328,5501.0,4.0,3.0,2.0,1,0,1,0,1,1.0,1,False,True,False,False
713,8051.0,3.0,2.0,1.0,1,1,1,0,1,1.0,0,True,False,False,False
180,2135.0,3.0,2.0,2.0,0,0,0,0,0,0.0,0,False,False,True,False
550,7152.0,3.0,1.0,2.0,1,0,0,0,1,0.0,0,True,False,False,False
94,3510.0,3.0,1.0,2.0,1,0,0,0,0,0.0,0,False,True,False,False
575,3880.0,3.0,2.0,2.0,1,0,1,0,0,2.0,0,False,True,False,False
587,4160.0,3.0,1.0,1.0,1,1,1,0,1,0.0,0,False,False,True,False
622,4995.0,4.0,2.0,1.0,1,0,1,0,0,0.0,0,False,True,False,False
331,6000.0,4.0,1.0,4.0,1,1,0,0,0,0.0,0,False,True,False,False
468,4700.0,4.0,1.0,2.0,1,1,1,0,1,1.0,0,True,False,False,False
190,6440.0,2.0,1.0,1.0,1,0,0,0,1,3.0,0,False,False,False,True
307,2145.0,3.0,1.0,3.0,1,0,0,0,0,0.0,1,True,False,False,False
694,5960.0,3.0,4.0,2.0,1,1,1,0,0,1.0,0,False,False,True,False
96,3840.0,3.0,1.0,2.0,1,0,0,0,0,1.0,1,False,True,False,False
424,11176.0,3.0,1.0,1.0,1,0,1,0,1,1.0,1,True,False,False,False
185,4095.0,2.0,1.0,1.0,1,0,0,0,0,2.0,0,False,True,False,False
445,5200.0,4.0,1.0,3.0,1,0,0,0,0,0.0,0,False,False,True,False
330,8875.0,3.0,1.0,1.0,1,0,0,0,0,1.0,0,False,True,False,False
166,4900.0,2.0,1.0,2.0,1,0,1,0,0,0.0,0,False,True,False,False
379,6350.0,3.0,2.0,3.0,1,1,0,0,1,0.0,0,True,False,False,False
162,6361.0,3.0,2.0,4.0,1,0,0,0,1,0.0,1,True,False,False,False
14,7951.0,5.0,3.0,2.0,1,0,1,1,0,0.0,0,False,False,True,False
549,6050.0,3.0,1.0,1.0,1,0,1,0,0,0.0,1,False,True,False,False
246,6001.0,3.0,2.0,2.0,1,1,0,0,1,1.0,0,False,True,False,False
786,6540.0,4.0,3.0,2.0,1,1,1,0,1,2.0,1,True,False,False,False
652,6361.0,4.0,2.0,3.0,1,0,0,0,1,2.0,1,True,False,False,False
760,10500.0,4.0,2.0,2.0,1,0,0,0,0,1.0,0,False,True,False,False
361,4881.0,4.0,2.0,2.0,1,0,0,0,1,1.0,1,True,False,False,False
147,6600.0,3.0,1.0,1.0,1,1,1,0,0,0.0,1,True,False,False,False
136,6001.0,3.0,2.0,2.0,1,1,0,0,0,1.0,0,False,True,False,False
527,6001.0,4.0,3.0,2.0,1,1,1,1,0,2.0,0,False,True,False,False
137,6000.0,2.0,1.0,1.0,1,0,1,0,1,1.0,0,True,False,False,False
423,4350.0,3.0,1.0,2.0,0,0,0,1,0,1.0,0,False,False,True,False
366,3630.0,3.0,2.0,2.0,1,0,0,1,0,2.0,0,False,True,False,False
737,5500.0,4.0,1.0,2.0,1,1,0,0,0,0.0,0,False,True,False,False
335,9960.0,3.0,2.0,2.0,1,0,1,0,0,2.0,1,False,True,False,False
105,4900.0,3.0,1.0,2.0,0,0,0,0,0,0.0,0,False,False,True,False
31,8876.0,3.0,2.0,1.0,1,0,0,0,0,1.0,0,False,True,False,False
57,6360.0,2.0,1.0,1.0,1,0,1,0,1,1.0,0,True,False,False,False
436,4960.0,4.0,1.0,3.0,0,0,0,0,0,0.0,0,False,True,False,False
67,3680.0,3.0,2.0,2.0,1,0,0,0,0,0.0,0,False,True,False,False
521,2610.0,4.0,3.0,2.0,0,0,0,0,0,0.0,0,False,True,False,False
453,5948.0,3.0,1.0,2.0,1,0,0,0,1,0.0,0,False,True,False,False
479,4510.0,4.0,2.0,2.0,1,0,1,0,0,0.0,0,False,True,False,False
666,4350.0,2.0,1.0,1.0,1,0,1,0,0,0.0,0,False,False,True,False
71,5900.0,4.0,2.0,2.0,0,0,1,0,0,1.0,0,False,False,False,True
703,4646.0,3.0,1.0,2.0,1,1,1,0,0,2.0,0,False,True,False,False
124,3600.0,2.0,1.0,1.0,1,0,0,0,0,0.0,0,False,False,True,False
222,6360.0,4.0,2.0,3.0,1,0,0,0,1,2.0,1,True,False,False,False
433,4080.0,3.0,1.0,2.0,1,0,0,0,0,2.0,0,False,True,False,False
352,3986.0,2.0,2.0,1.0,0,1,1,0,0,1.0,0,False,False,True,False
301,7950.0,5.0,2.0,2.0,1,0,1,1,0,2.0,0,False,False,False,True
2,4321.0,3.0,2.0,2.0,1,0,1,1,0,2.0,0,True,False,False,False
408,2015.0,3.0,1.0,2.0,1,0,1,0,0,0.0,1,False,True,False,False
403,6000.0,4.0,2.0,4.0,1,0,0,0,1,1.0,0,False,True,False,False
698,4400.0,3.0,1.0,2.0,1,0,0,0,0,0.0,0,False,False,True,False
506,3500.0,3.0,1.0,2.0,1,0,0,0,0,2.0,0,True,False,False,False
1,7000.0,3.0,2.0,4.0,1,0,0,0,1,2.0,0,True,False,False,False
24,2550.0,3.0,1.0,2.0,1,0,1,0,0,0.0,0,True,False,False,False
610,3745.0,3.0,1.0,2.0,1,0,1,0,0,0.0,0,True,False,False,False
538,7420.0,4.0,2.0,3.0,1,0,0,0,1,2.0,1,True,False,False,False
624,3968.0,3.0,1.0,2.0,0,0,0,0,0,0.0,0,False,True,False,False
708,6600.0,4.0,2.0,2.0,1,1,1,0,1,1.0,1,False,False,True,False
253,4100.0,3.0,2.0,3.0,1,0,0,0,1,2.0,0,False,False,False,True
512,2953.0,3.0,1.0,2.0,1,0,1,0,1,0.0,0,False,False,True,False
476,6550.0,4.0,2.0,2.0,1,0,0,0,1,1.0,1,False,True,False,False
566,4050.0,2.0,1.0,2.0,1,0,0,0,0,0.0,0,True,False,False,False
498,6001.0,3.0,2.0,3.0,1,0,0,0,1,0.0,0,False,True,False,False
561,3180.0,2.0,2.0,1.0,1,0,1,0,0,2.0,0,False,True,False,False
117,3180.0,2.0,1.0,1.0,1,0,0,0,0,0.0,0,False,False,True,False
716,1950.0,3.0,2.0,2.0,1,0,1,0,0,0.0,1,False,False,True,False
51,6000.0,3.0,2.0,2.0,1,1,0,0,0,1.0,0,False,True,False,False
12,4320.0,3.0,1.0,2.0,1,0,1,1,0,2.0,0,False,True,False,False
85,3120.0,3.0,1.0,2.0,1,0,0,0,0,1.0,0,False,False,True,False
83,6551.0,4.0,3.0,2.0,1,0,0,0,1,1.0,1,False,True,False,False
353,13201.0,2.0,1.0,1.0,1,0,1,1,0,1.0,0,True,False,False,False
422,7156.0,3.0,2.0,1.0,1,1,1,0,1,2.0,0,False,False,True,False
620,2176.0,2.0,1.0,2.0,1,1,0,0,0,0.0,1,False,True,False,False
241,5800.0,2.0,1.0,1.0,1,1,1,0,1,0.0,0,False,True,False,False
406,5500.0,3.0,2.0,4.0,1,1,0,0,1,1.0,0,False,True,False,False
269,4500.0,2.0,1.0,1.0,1,0,0,0,0,0.0,0,False,True,False,False
798,3000.0,3.0,1.0,2.0,0,0,0,0,0,0.0,0,False,True,False,False
370,6000.0,3.0,1.0,4.0,1,0,0,0,1,1.0,0,False,False,True,False
146,4500.0,2.0,1.0,2.0,1,0,0,1,0,1.0,0,False,True,False,False
102,2145.0,3.0,1.0,2.0,1,0,1,0,0,0.0,1,True,False,False,False
348,8150.0,3.0,2.0,1.0,1,1,1,0,0,0.0,0,False,True,False,False
395,6001.0,4.0,2.0,4.0,1,0,0,0,1,1.0,0,True,False,False,False
460,11410.0,2.0,1.0,2.0,1,0,0,0,0,0.0,1,True,False,False,False
50,4240.0,3.0,1.0,2.0,1,0,0,0,1,0.0,0,False,True,False,False
219,12900.0,3.0,1.0,1.0,1,0,0,0,0,2.0,0,True,False,False,False
735,2325.0,3.0,1.0,2.0,0,0,0,0,0,0.0,0,False,True,False,False
158,6000.0,3.0,2.0,4.0,1,1,1,0,1,0.0,1,False,True,False,False
740,13201.0,3.0,1.0,1.0,1,0,0,1,0,1.0,0,True,False,False,False
16,4260.0,4.0,1.0,2.0,1,0,1,0,1,0.0,0,True,False,False,False
360,6360.0,3.0,1.0,1.0,1,1,0,0,1,2.0,1,True,False,False,False
473,6001.0,4.0,1.0,2.0,1,0,1,0,0,2.0,0,False,True,False,False
407,3264.0,3.0,1.0,1.0,1,0,0,0,0,0.0,0,False,False,True,False
633,3649.0,2.0,1.0,1.0,1,0,0,0,0,0.0,0,False,False,True,False
509,3970.0,1.0,1.0,1.0,0,0,0,0,0,0.0,0,False,False,True,False
715,5600.0,3.0,1.0,1.0,1,0,0,0,1,0.0,0,False,True,False,False
450,4640.0,4.0,1.0,2.0,1,0,0,0,0,1.0,0,False,True,False,False
314,8250.0,3.0,1.0,1.0,1,0,1,0,0,3.0,0,False,True,False,False
171,6360.0,3.0,1.0,1.0,1,1,1,0,1,2.0,1,True,False,False,False
332,6000.0,3.0,2.0,4.0,1,0,0,0,1,1.0,0,True,False,False,False
402,13200.0,3.0,2.0,2.0,1,0,1,0,1,2.0,1,True,False,False,False
609,7951.0,5.0,2.0,2.0,1,0,1,1,0,2.0,0,False,False,True,False
55,4640.0,3.0,1.0,2.0,1,0,0,0,0,1.0,0,False,True,False,False
182,3600.0,6.0,1.0,2.0,1,0,0,0,0,1.0,0,False,False,True,False
358,7980.0,3.0,1.0,1.0,1,0,0,0,0,1.0,1,False,True,False,False
625,5400.0,4.0,2.0,2.0,1,0,0,0,1,2.0,0,False,False,True,False
174,7155.0,3.0,3.0,1.0,1,1,1,0,1,2.0,0,False,False,True,False
143,5300.0,3.0,1.0,1.0,0,0,0,0,1,0.0,1,False,False,True,False
15,4000.0,2.0,1.0,1.0,1,0,0,0,0,0.0,0,False,False,True,False
355,11441.0,4.0,1.0,2.0,1,0,1,0,0,1.0,1,False,True,False,False
446,5400.0,4.0,1.0,2.0,1,0,0,0,0,0.0,0,False,False,True,False
154,3240.0,2.0,1.0,1.0,0,1,0,0,0,1.0,0,False,False,True,False
128,7001.0,3.0,2.0,4.0,1,0,0,0,1,2.0,0,True,False,False,False
176,3700.0,4.0,1.0,2.0,1,0,0,0,1,0.0,0,True,False,False,False
290,7200.0,3.0,2.0,1.0,1,0,1,0,1,3.0,0,False,True,False,False
635,5500.0,3.0,2.0,1.0,1,0,1,0,0,0.0,0,False,True,False,False
689,6000.0,3.0,1.0,2.0,1,0,0,1,0,1.0,1,False,True,False,False
374,4321.0,3.0,1.0,2.0,1,0,1,1,0,2.0,0,False,True,False,False
221,7020.0,3.0,1.0,1.0,1,0,1,0,1,2.0,1,False,True,False,False
413,4500.0,3.0,1.0,2.0,0,0,1,0,1,0.0,0,False,True,False,False
6,5500.0,4.0,2.0,2.0,1,0,1,0,1,1.0,1,False,True,False,False
306,2175.0,3.0,1.0,2.0,0,1,1,0,1,0.0,0,False,False,True,False
9,4000.0,3.0,1.0,2.0,1,0,0,0,0,1.0,0,False,False,True,False
239,6550.0,3.0,1.0,2.0,1,0,1,0,1,0.0,1,False,False,False,True
503,3500.0,2.0,1.0,1.0,1,0,0,0,0,0.0,0,False,False,True,False
183,6601.0,3.0,1.0,4.0,1,0,0,0,1,3.0,1,True,False,False,False
594,5320.0,2.0,1.0,1.0,1,0,0,0,0,1.0,1,False,False,True,False
579,9620.0,3.0,1.0,1.0,1,0,1,0,0,2.0,1,True,False,False,False
574,6360.0,2.0,1.0,2.0,1,0,0,0,0,0.0,0,False,False,True,False
157,3150.0,3.0,1.0,2.0,0,0,0,0,0,0.0,0,False,False,False,True
393,5830.0,2.0,1.0,1.0,1,0,0,0,0,2.0,0,False,False,True,False
693,3000.0,2.0,1.0,1.0,1,0,1,0,0,2.0,0,False,False,True,False
115,6000.0,3.0,1.0,1.0,1,0,0,0,0,2.0,0,False,True,False,False
295,9000.0,4.0,3.0,4.0,1,0,0,0,1,2.0,0,False,False,False,True
153,4785.0,3.0,1.0,2.0,1,1,1,0,1,1.0,0,True,False,False,False
547,6650.0,3.0,1.0,2.0,1,1,0,0,0,0.0,0,False,True,False,False
202,6000.0,4.0,2.0,2.0,0,0,0,0,1,0.0,0,False,True,False,False
274,3960.0,3.0,1.0,1.0,1,0,1,0,0,2.0,0,False,True,False,False
20,1950.0,3.0,1.0,1.0,0,0,0,1,0,0.0,0,False,False,True,False
619,2787.0,3.0,1.0,1.0,1,0,1,0,0,0.0,1,True,False,False,False
497,9001.0,4.0,3.0,4.0,1,0,0,0,1,2.0,0,True,False,False,False
410,6800.0,2.0,1.0,1.0,1,0,0,0,0,0.0,0,False,False,True,False
427,4280.0,2.0,1.0,1.0,1,0,0,0,1,2.0,0,False,True,False,False
87,3069.0,2.0,1.0,1.0,1,0,0,0,0,1.0,0,False,False,True,False
141,8875.0,3.0,2.0,1.0,1,0,0,0,0,1.0,0,False,True,False,False
303,3850.0,2.0,1.0,1.0,1,0,0,0,0,0.0,0,False,True,False,False
73,7980.0,3.0,1.0,1.0,1,0,0,0,0,2.0,0,False,True,False,False
725,10500.0,2.0,1.0,1.0,1,0,0,0,0,1.0,0,False,True,False,False
215,4560.0,3.0,2.0,2.0,1,1,1,0,1,1.0,0,True,False,False,False
227,6241.0,4.0,2.0,2.0,1,0,0,0,1,1.0,0,True,False,False,False
389,3780.0,2.0,1.0,2.0,1,1,1,0,0,0.0,0,False,True,False,False
205,6001.0,4.0,2.0,4.0,1,0,0,0,0,2.0,0,False,True,False,False
741,8580.0,4.0,3.0,4.0,1,0,0,0,1,2.0,1,False,True,False,False
596,4000.0,3.0,1.0,1.0,1,0,0,0,0,0.0,0,False,False,True,False
324,3264.0,2.0,1.0,1.0,1,0,0,0,0,0.0,0,False,False,True,False
338,6350.0,3.0,2.0,3.0,1,1,0,0,0,0.0,0,True,False,False,False
192,3900.0,3.0,1.0,2.0,1,0,0,0,0,0.0,0,False,False,True,False
112,4100.0,4.0,1.0,1.0,0,0,1,0,0,0.0,0,False,False,True,False
4,7500.0,4.0,2.0,2.0,1,0,1,0,1,3.0,1,True,False,False,False
283,9000.0,4.0,2.0,4.0,1,0,0,0,1,2.0,0,True,False,False,False
272,12090.0,4.0,2.0,2.0,1,0,0,0,0,2.0,1,True,False,False,False
40,6001.0,4.0,2.0,4.0,1,1,0,0,1,1.0,0,True,False,False,False
663,4040.0,2.0,1.0,1.0,1,0,0,0,0,0.0,0,False,True,False,False
791,9001.0,4.0,2.0,4.0,1,0,0,0,1,2.0,0,True,False,False,False
608,7231.0,3.0,1.0,2.0,1,1,1,0,1,0.0,1,False,True,False,False
780,3000.0,2.0,1.0,1.0,1,0,0,0,0,1.0,0,False,False,True,False
293,7001.0,3.0,3.0,4.0,1,0,0,0,1,2.0,0,True,False,False,False
33,4040.0,2.0,1.0,1.0,1,0,0,0,0,0.0,0,False,False,False,True
104,6001.0,3.0,2.0,4.0,1,1,0,0,1,2.0,0,False,False,True,False
597,8801.0,3.0,3.0,2.0,1,0,0,0,1,2.0,0,True,False,False,False
235,3630.0,2.0,1.0,1.0,1,0,0,0,1,0.0,0,False,False,True,False
251,7475.0,3.0,2.0,4.0,1,0,0,0,1,2.0,0,False,False,True,False
64,5960.0,3.0,3.0,2.0,1,1,1,0,0,1.0,0,False,False,True,False
376,4992.0,3.0,2.0,2.0,1,0,0,0,0,2.0,0,False,False,True,False
462,7200.0,3.0,1.0,2.0,1,1,1,0,0,1.0,1,True,False,False,False
248,2800.0,3.0,2.0,2.0,0,0,1,0,1,1.0,0,False,True,False,False
245,2990.0,2.0,1.0,1.0,0,0,0,0,0,1.0,0,False,False,True,False
772,3750.0,3.0,1.0,1.0,1,0,0,0,0,0.0,0,False,False,True,False
539,4800.0,2.0,1.0,1.0,1,1,1,0,0,0.0,0,False,True,False,False
464,4040.0,3.0,1.0,2.0,1,0,0,0,0,1.0,0,False,True,False,False
796,3420.0,5.0,1.0,2.0,0,0,0,0,0,0.0,0,False,False,True,False
664,4400.0,4.0,1.0,2.0,1,0,0,0,1,2.0,1,False,True,False,False
270,3500.0,4.0,3.0,2.0,1,0,0,1,0,2.0,0,True,False,False,False
727,6750.0,2.0,1.0,1.0,1,0,0,0,0,0.0,0,False,True,False,False
695,5680.0,3.0,1.0,2.0,1,1,0,0,1,1.0,0,False,True,False,False
571,4750.0,2.0,1.0,1.0,1,0,0,0,0,0.0,0,False,False,True,False
513,5170.0,3.0,1.0,4.0,1,0,0,0,1,0.0,0,False,True,False,False
340,4500.0,3.0,1.0,2.0,1,0,0,0,1,0.0,0,False,False,True,False
385,4500.0,2.0,1.0,1.0,0,0,0,0,0,0.0,0,True,False,False,False
425,3120.0,3.0,1.0,2.0,0,0,1,1,0,0.0,0,False,True,False,False
232,3600.0,2.0,1.0,1.0,1,0,0,0,0,0.0,0,True,False,False,False
702,7700.0,2.0,1.0,1.0,1,0,0,0,0,0.0,0,False,False,True,False
43,4321.0,3.0,2.0,2.0,1,0,1,1,0,2.0,0,False,True,False,False
744,5076.0,3.0,1.0,1.0,0,0,0,0,0,0.0,0,False,False,True,False
661,3501.0,4.0,2.0,2.0,1,0,0,1,0,2.0,0,True,False,False,False
435,1650.0,3.0,1.0,2.0,0,0,1,0,0,0.0,0,False,False,True,False
600,7800.0,3.0,1.0,1.0,1,0,1,0,1,2.0,1,False,False,True,False
508,3600.0,3.0,1.0,1.0,1,0,0,0,0,1.0,0,False,False,True,False
563,5500.0,4.0,3.0,2.0,1,0,1,0,1,1.0,1,False,True,False,False
134,5500.0,3.0,2.0,1.0,1,1,1,0,0,2.0,1,True,False,False,False
11,5500.0,3.0,1.0,3.0,1,0,0,0,0,1.0,1,True,False,False,False
388,3090.0,2.0,1.0,1.0,1,1,1,0,0,0.0,0,False,False,True,False
797,5700.0,3.0,1.0,1.0,1,1,1,0,1,0.0,1,True,False,False,False
562,3501.0,4.0,3.0,2.0,1,0,0,1,0,2.0,0,True,False,False,False
618,2400.0,3.0,1.0,1.0,0,0,0,0,0,0.0,0,False,True,False,False
440,3630.0,3.0,3.0,2.0,1,1,0,0,0,0.0,0,False,False,True,False
53,7950.0,5.0,3.0,2.0,1,0,1,1,0,2.0,0,False,False,True,False
198,5900.0,2.0,1.0,1.0,1,0,0,0,0,1.0,0,True,False,False,False
399,5400.0,5.0,1.0,2.0,1,1,1,0,1,0.0,1,True,False,False,False
75,4500.0,3.0,1.0,4.0,1,0,0,0,1,0.0,0,False,False,True,False
776,7500.0,3.0,3.0,1.0,1,0,1,0,1,2.0,1,False,True,False,False
289,7700.0,3.0,2.0,1.0,1,0,0,0,0,2.0,0,False,False,True,False
308,4880.0,4.0,2.0,2.0,1,0,0,0,1,1.0,1,True,False,False,False
144,7260.0,3.0,2.0,1.0,1,1,1,0,0,3.0,0,True,False,False,False
276,3450.0,3.0,1.0,2.0,1,0,1,0,0,0.0,0,False,True,False,False
447,2610.0,3.0,1.0,2.0,1,0,1,0,0,0.0,1,False,False,True,False
78,6930.0,4.0,1.0,2.0,0,0,0,0,0,1.0,0,True,False,False,False
273,4050.0,2.0,1.0,2.0,1,1,1,0,0,0.0,1,False,False,True,False
364,6000.0,3.0,1.0,2.0,1,0,0,0,1,1.0,0,False,False,True,False
336,8050.0,2.0,1.0,1.0,1,0,0,0,0,0.0,0,False,False,True,False
218,3600.0,3.0,1.0,2.0,0,0,0,0,0,1.0,0,False,False,True,False
373,6601.0,4.0,3.0,2.0,1,1,1,0,1,1.0,1,False,False,True,False
108,6300.0,3.0,1.0,1.0,1,0,0,0,1,0.0,0,False,True,False,False
629,6551.0,4.0,2.0,2.0,1,0,0,0,1,1.0,1,False,True,False,False
466,6000.0,3.0,1.0,1.0,1,0,0,0,0,2.0,0,True,False,False,False
46,5800.0,3.0,1.0,1.0,1,0,0,1,0,2.0,0,True,False,False,False
605,3180.0,3.0,1.0,2.0,0,0,1,0,0,0.0,0,False,True,False,False
569,2700.0,3.0,1.0,1.0,0,0,0,0,0,0.0,0,True,False,False,False
25,4600.0,2.0,1.0,1.0,1,0,0,0,0,0.0,0,True,False,False,False
101,6550.0,3.0,1.0,2.0,1,0,1,0,1,0.0,1,True,False,False,False
58,4880.0,4.0,3.0,2.0,1,0,0,0,1,1.0,1,True,False,False,False
805,6421.0,3.0,3.0,2.0,1,0,0,0,1,1.0,1,False,True,False,False
127,3600.0,2.0,1.0,1.0,1,0,0,0,0,0.0,0,False,True,False,False
634,4815.0,2.0,1.0,1.0,1,0,0,0,1,0.0,0,False,True,False,False
493,2870.0,2.0,1.0,2.0,1,1,1,0,0,0.0,1,False,True,False,False
416,4301.0,3.0,2.0,2.0,1,0,1,0,0,1.0,0,False,False,True,False
372,6421.0,3.0,3.0,2.0,1,0,0,0,1,1.0,1,False,False,False,True
470,4770.0,3.0,1.0,2.0,1,1,1,0,0,0.0,0,False,True,False,False
49,3240.0,3.0,1.0,2.0,1,0,0,0,0,2.0,0,False,True,False,False
653,6600.0,4.0,3.0,2.0,1,1,1,0,1,1.0,1,False,False,True,False
113,6000.0,3.0,2.0,3.0,1,0,0,0,1,0.0,0,False,True,False,False
172,2650.0,3.0,1.0,2.0,1,0,1,0,0,1.0,0,False,False,True,False
710,5000.0,3.0,1.0,2.0,1,0,0,0,1,0.0,0,False,True,False,False
319,3300.0,3.0,1.0,2.0,0,0,0,0,0,1.0,0,False,True,False,False
129,2145.0,3.0,1.0,3.0,1,0,0,0,0,1.0,1,False,False,True,False
111,3520.0,2.0,2.0,1.0,1,0,1,0,0,0.0,0,False,True,False,False
304,3000.0,3.0,1.0,2.0,1,0,1,0,1,0.0,0,False,True,False,False
701,6001.0,3.0,2.0,4.0,1,1,0,0,1,1.0,0,True,False,False,False
106,6800.0,2.0,1.0,1.0,1,1,1,0,0,2.0,0,True,False,False,False
74,4046.0,3.0,1.0,2.0,1,0,1,0,0,1.0,0,False,True,False,False
3,1700.0,3.0,1.0,2.0,1,0,0,0,0,0.0,0,False,False,True,False
17,4520.0,3.0,1.0,2.0,1,0,1,0,1,0.0,0,False,True,False,False
76,8400.0,3.0,1.0,2.0,1,1,1,0,1,2.0,1,False,False,True,False
804,4000.0,3.0,1.0,2.0,1,0,0,0,1,0.0,0,False,False,True,False
54,11440.0,4.0,1.0,2.0,1,0,1,0,0,1.0,1,False,True,False,False
294,5885.0,2.0,1.0,1.0,1,0,0,0,1,1.0,0,False,False,True,False
769,3500.0,4.0,1.0,2.0,1,0,0,0,0,2.0,0,True,False,False,False
275,4320.0,3.0,2.0,2.0,1,0,1,1,0,2.0,0,False,True,False,False
148,3000.0,2.0,1.0,1.0,0,0,0,0,0,0.0,0,False,False,True,False
721,5850.0,3.0,1.0,2.0,1,0,1,0,0,1.0,0,False,False,True,False
35,9800.0,4.0,2.0,2.0,1,1,0,0,0,2.0,0,False,True,False,False
42,1836.0,2.0,1.0,1.0,0,0,1,0,0,0.0,0,False,True,False,False
704,7950.0,5.0,2.0,2.0,1,0,1,1,0,2.0,0,False,False,True,False
542,3240.0,4.0,1.0,3.0,1,0,0,0,0,1.0,0,False,True,False,False
671,6000.0,3.0,2.0,3.0,1,1,0,0,1,0.0,0,True,False,False,False
504,3040.0,2.0,1.0,1.0,0,0,0,0,0,0.0,0,False,False,True,False
367,6000.0,2.0,1.0,1.0,1,0,0,0,0,0.0,0,False,False,True,False
728,6000.0,3.0,2.0,4.0,1,0,0,0,1,0.0,0,False,True,False,False
262,6060.0,3.0,1.0,1.0,1,1,1,0,0,0.0,0,True,False,False,False
397,4960.0,2.0,1.0,1.0,1,0,1,0,1,0.0,0,False,False,False,True
